agent,partner1,partner2,partner3,partner4,partner5,partner6,partner7,partner8,partner9,partner10,partner11,partner12,partner13,partner14,partner15,partner16,partner17,partner18,partner19,partner20,partner21,partner22,partner23,partner24,partner25,partner26,partner27,partner28,partner29,partner30,partner31,partner32,partner33,partner34,partner35,partner36,partner37,partner38,partner39,partner40,partner41,partner42,partner43,partner44,partner45,partner46,partner47,partner48,partner49,partner50
agent000,agent04a,agent04e,agent037,agent085,agent0a6,agent0c7,agent012,agent036,agent03e,agent0a7,agent00f,agent077,agent0a1,agent06c,agent056,agent05e,agent08c,agent0b9,agent002,agent051,agent048,agent0c0,agent009,agent01e,agent027,agent022,agent080,agent0b5,agent0aa,agent014,agent07e,agent068,agent038,agent0ab,agent011,agent0c5,agent095,agent0af,agent0b7,agent0b6,agent043,agent0b8,agent045,agent02e,agent055,agent05d,agent0ba,agent050,agent02f,agent057
agent001,agent09d,agent0a7,agent084,agent0b2,agent0a2,agent01b,agent016,agent015,agent0a6,agent033,agent017,agent096,agent049,agent03e,agent089,agent038,agent010,agent0b5,agent00a,agent08b,agent051,agent0ad,agent042,agent055,agent097,agent01c,agent046,agent094,agent0a5,agent008,agent00f,agent024,agent0c0,agent070,agent01a,agent0aa,agent05c,agent0c1,agent034,agent0ab,agent09b,agent018,agent09e,agent048,agent04a,agent05b,agent044,agent011,agent047,agent0c5
agent002,agent022,agent050,agent0ba,agent0b3,agent074,agent05d,agent001,agent0c1,agent049,agent0a3,agent0b8,agent011,agent096,agent099,agent000,agent037,agent031,agent060,agent005,agent01e,agent0c4,agent080,agent077,agent081,agent040,agent015,agent089,agent0b2,agent039,agent0ae,agent085,agent06c,agent0c3,agent09c,agent02a,agent0a5,agent08e,agent052,agent025,agent046,agent023,agent04d,agent03b,agent0b5,agent069,agent088,agent0a8,agent053,agent00f,agent0af
agent003,agent043,agent011,agent061,agent00d,agent012,agent0c2,agent037,agent05b,agent075,agent080,agent01e,agent041,agent07f,agent01c,agent034,agent065,agent09f,agent071,agent0aa,agent0b7,agent091,agent040,agent081,agent015,agent036,agent057,agent004,agent0c7,agent095,agent04f,agent086,agent002,agent04a,agent058,agent02b,agent05d,agent09c,agent030,agent000,agent099,agent0c6,agent084,agent01a,agent00b,agent072,agent03f,agent018,agent060,agent022,agent00e
agent004,agent01a,agent06f,agent007,agent09a,agent048,agent034,agent00d,agent009,agent0a6,agent0bc,agent0b8,agent03a,agent0b7,agent041,agent0ae,agent00b,agent001,agent093,agent0b3,agent005,agent077,agent038,agent03e,agent024,agent02a,agent0c2,agent021,agent015,agent087,agent06a,agent032,agent0c7,agent02d,agent002,agent026,agent036,agent006,agent099,agent067,agent07a,agent059,agent05c,agent04a,agent08a,agent0c0,agent08e,agent0a1,agent074,agent0ba,agent00c
agent005,agent050,agent03b,agent036,agent092,agent009,agent04d,agent081,agent096,agent021,agent028,agent094,agent025,agent02a,agent062,agent01e,agent063,agent090,agent0a5,agent0ac,agent039,agent052,agent055,agent022,agent06a,agent082,agent0a2,agent08d,agent069,agent08c,agent097,agent0be,agent09a,agent077,agent011,agent046,agent045,agent00d,agent072,agent0a7,agent06c,agent073,agent08a,agent030,agent033,agent070,agent087,agent0b0,agent086,agent015,agent0a1
agent006,agent05e,agent0a8,agent039,agent05b,agent099,agent041,agent078,agent09a,agent0b3,agent04d,agent086,agent01e,agent05a,agent03e,agent0ac,agent0a7,agent036,agent017,agent09b,agent05f,agent073,agent028,agent040,agent01b,agent08e,agent051,agent05c,agent003,agent08b,agent05d,agent02e,agent0a6,agent012,agent0b5,agent00e,agent037,agent059,agent04e,agent07d,agent060,agent07c,agent092,agent066,agent01f,agent0a4,agent095,agent0c5,agent029,agent018,agent000
agent007,agent0b2,agent04d,agent01b,agent0c4,agent039,agent005,agent022,agent061,agent058,agent031,agent06f,agent02c,agent05a,agent029,agent034,agent023,agent02d,agent065,agent006,agent086,agent067,agent099,agent044,agent049,agent040,agent043,agent076,agent01f,agent092,agent0a0,agent0ac,agent00f,agent080,agent05d,agent0a9,agent008,agent073,agent052,agent0b1,agent026,agent03e,agent0b4,agent07d,agent079,agent060,agent05c,agent054,agent02f,agent0bd,agent074
agent008,agent078,agent021,agent005,agent03c,agent0b1,agent07b,agent023,agent088,agent037,agent08c,agent020,agent0be,agent0b7,agent048,agent036,agent011,agent0a5,agent0a7,agent04d,agent00a,agent0b5,agent0a8,agent094,agent053,agent0c2,agent082,agent074,agent0b6,agent06b,agent05c,agent027,agent042,agent0b4,agent08f,agent017,agent066,agent069,agent044,agent055,agent097,agent0bd,agent05d,agent01e,agent039,agent073,agent095,agent0b3,agent026,agent068,agent09c
agent009,agent015,agent040,agent0b1,agent09b,agent039,agent00b,agent022,agent052,agent0ab,agent06d,agent0a4,agent001,agent044,agent08d,agent053,agent01d,agent0bb,agent0a2,agent04f,agent0a9,agent0a3,agent02d,agent0b6,agent0ad,agent031,agent048,agent085,agent074,agent03f,agent0c2,agent02e,agent049,agent092,agent0ba,agent098,agent067,agent0c1,agent01a,agent0b4,agent081,agent093,agent025,agent0ae,agent00d,agent0c3,agent09f,agent070,agent08b,agent04c,agent03c
agent00a,agent074,agent002,agent050,agent0a6,agent0bd,agent07c,agent053,agent099,agent090,agent08b,agent0bc,agent056,agent0a4,agent0c7,agent073,agent043,agent0bb,agent0c1,agent02f,agent0b1,agent07a,agent063,agent0a1,agent035,agent022,agent066,agent071,agent07e,agent089,agent0c2,agent003,agent036,agent028,agent076,agent03a,agent07b,agent037,agent09e,agent0ae,agent0b9,agent04a,agent001,agent0a3,agent0a5,agent046,agent0b2,agent06b,agent098,agent09a,agent02a
agent00b,agent001,agent02d,agent079,agent075,agent0a4,agent01c,agent013,agent0a1,agent0a7,agent005,agent043,agent0a8,agent046,agent026,agent078,agent08b,agent060,agent025,agent02b,agent044,agent09c,agent095,agent085,agent069,agent0a3,agent0c3,agent0aa,agent019,agent08f,agent05a,agent008,agent089,agent012,agent055,agent027,agent052,agent022,agent042,agent086,agent04d,agent077,agent0ba,agent011,agent06c,agent018,agent054,agent0c6,agent07b,agent002,agent04f
agent00c,agent0bb,agent002,agent005,agent076,agent0a1,agent027,agent01f,agent05f,agent02f,agent073,agent05c,agent006,agent074,agent050,agent036,agent04f,agent098,agent056,agent017,agent079,agent0c3,agent04b,agent07a,agent0a9,agent015,agent0c4,agent094,agent010,agent01d,agent01a,agent0c6,agent088,agent08e,agent087,agent082,agent00e,agent0a5,agent086,agent066,agent02b,agent0b3,agent0b7,agent012,agent016,agent099,agent080,agent037,agent030,agent07b,agent00b
agent00d,agent0b2,agent03e,agent059,agent08e,agent009,agent0a8,agent06d,agent0c1,agent033,agent084,agent0b9,agent08d,agent0a3,agent000,agent076,agent068,agent050,agent073,agent092,agent035,agent098,agent015,agent088,agent060,agent0ba,agent058,agent07a,agent05b,agent007,agent04d,agent018,agent006,agent09b,agent074,agent08f,agent0af,agent024,agent02c,agent06a,agent0bf,agent0c3,agent039,agent065,agent09a,agent080,agent0c4,agent0ad,agent0c2,agent094,agent09d
agent00e,agent097,agent063,agent01b,agent0b2,agent036,agent040,agent014,agent0c6,agent054,agent01a,agent007,agent000,agent03e,agent098,agent091,agent080,agent0bf,agent0a1,agent01f,agent066,agent08e,agent01d,agent028,agent01e,agent02e,agent0b0,agent07b,agent0c1,agent08d,agent08c,agent081,agent085,agent05f,agent027,agent08f,agent076,agent038,agent0b6,agent0b8,agent058,agent01c,agent067,agent04f,agent00b,agent083,agent04e,agent006,agent08a,agent0b9,agent093
agent00f,agent097,agent08e,agent0c0,agent01a,agent048,agent08b,agent00c,agent011,agent076,agent023,agent089,agent01c,agent080,agent045,agent07d,agent007,agent043,agent088,agent03c,agent070,agent092,agent02c,agent036,agent02a,agent0ae,agent032,agent06b,agent05e,agent06e,agent084,agent016,agent0a2,agent056,agent08d,agent0b1,agent03f,agent0c7,agent013,agent046,agent035,agent054,agent049,agent039,agent0be,agent068,agent019,agent052,agent066,agent0a0,agent05a
agent010,agent05b,agent032,agent013,agent0bc,agent002,agent066,agent0c2,agent027,agent01e,agent03e,agent0be,agent086,agent0ab,agent03d,agent084,agent0c4,agent054,agent0a6,agent065,agent0a1,agent05a,agent089,agent063,agent06f,agent01f,agent09e,agent04b,agent0a8,agent017,agent007,agent07b,agent092,agent031,agent02a,agent094,agent059,agent0ad,agent0a9,agent064,agent011,agent09c,agent049,agent0b8,agent055,agent096,agent02e,agent053,agent04e,agent08e,agent041
agent011,agent000,agent020,agent0ba,agent049,agent090,agent012,agent027,agent005,agent0c3,agent062,agent0c7,agent004,agent023,agent05a,agent043,agent03e,agent0bd,agent038,agent08a,agent05f,agent0ac,agent095,agent01f,agent026,agent0b3,agent050,agent03a,agent0c0,agent07c,agent01b,agent031,agent053,agent06f,agent07d,agent0b9,agent052,agent0af,agent083,agent0a4,agent01d,agent06a,agent041,agent03d,agent047,agent070,agent025,agent09d,agent05c,agent071,agent073
agent012,agent01a,agent07b,agent026,agent00f,agent024,agent099,agent088,agent027,agent074,agent089,agent0b7,agent090,agent0b8,agent0c7,agent0bd,agent036,agent054,agent051,agent08c,agent082,agent01f,agent0a0,agent083,agent07c,agent042,agent097,agent01b,agent02d,agent064,agent02e,agent075,agent0bc,agent0a6,agent0af,agent067,agent032,agent040,agent049,agent072,agent09a,agent070,agent08a,agent092,agent069,agent0be,agent03e,agent05c,agent001,agent052,agent04f
agent013,agent06d,agent07c,agent08e,agent099,agent06f,agent066,agent0b5,agent095,agent0c5,agent077,agent005,agent05f,agent058,agent03c,agent0b4,agent01f,agent035,agent050,agent02d,agent04b,agent0af,agent027,agent0a2,agent048,agent0b8,agent024,agent030,agent01b,agent00f,agent0c3,agent02e,agent079,agent038,agent0ac,agent075,agent097,agent0a4,agent069,agent08c,agent033,agent08f,agent076,agent040,agent00b,agent051,agent0c7,agent0c2,agent074,agent086,agent0a3
agent014,agent0c7,agent020,agent05e,agent052,agent02d,agent02b,agent0c4,agent002,agent01f,agent07a,agent0af,agent011,agent06d,agent09e,agent074,agent0a1,agent0ae,agent049,agent09c,agent009,agent04a,agent04e,agent019,agent091,agent096,agent06a,agent03b,agent028,agent00b,agent0c1,agent09d,agent0bc,agent078,agent066,agent025,agent089,agent095,agent037,agent023,agent0ba,agent0b6,agent0a0,agent00a,agent0ab,agent0c5,agent0ad,agent08f,agent079,agent045,agent05a
agent015,agent0a0,agent0b5,agent0b0,agent06d,agent09f,agent056,agent082,agent001,agent064,agent00a,agent018,agent03b,agent025,agent02d,agent0c0,agent03d,agent084,agent0b6,agent05f,agent019,agent05d,agent088,agent00c,agent048,agent047,agent07d,agent05a,agent031,agent097,agent0b8,agent07c,agent012,agent024,agent075,agent05b,agent099,agent041,agent08e,agent087,agent07a,agent073,agent0b3,agent0bb,agent060,agent0b4,agent04e,agent021,agent085,agent009,agent0ab
agent016,agent00c,agent0bd,agent041,agent064,agent07e,agent032,agent0c3,agent000,agent049,agent008,agent00e,agent033,agent00f,agent05c,agent03d,agent06c,agent02d,agent02b,agent0c6,agent055,agent098,agent0c1,agent039,agent089,agent061,agent093,agent09b,agent068,agent09c,agent0b9,agent043,agent05d,agent0bf,agent0b7,agent036,agent082,agent056,agent096,agent026,agent0b2,agent04f,agent038,agent062,agent035,agent004,agent07c,agent048,agent04e,agent053,agent045
agent017,agent09a,agent0bc,agent0a9,agent0b1,agent039,agent04d,agent078,agent010,agent0a7,agent01d,agent036,agent043,agent04a,agent08c,agent0c5,agent052,agent073,agent092,agent083,agent091,agent034,agent0af,agent080,agent000,agent060,agent0a8,agent053,agent01c,agent035,agent032,agent00a,agent0bd,agent087,agent095,agent019,agent09c,agent00c,agent0b9,agent084,agent077,agent0c7,agent03a,agent06a,agent05e,agent03c,agent097,agent01a,agent076,agent06c,agent0ac
agent018,agent07e,agent0ba,agent039,agent01c,agent044,agent04c,agent032,agent024,agent023,agent075,agent08d,agent0ac,agent016,agent06f,agent085,agent02b,agent07c,agent040,agent0bc,agent0bf,agent04a,agent009,agent034,agent000,agent054,agent074,agent0a1,agent071,agent0bd,agent08a,agent0c7,agent079,agent0ad,agent09f,agent066,agent053,agent007,agent015,agent041,agent0b3,agent0c4,agent035,agent0b0,agent047,agent045,agent0c5,agent084,agent00f,agent057,agent026
agent019,agent055,agent01c,agent07e,agent092,agent02e,agent086,agent04e,agent012,agent0c7,agent021,agent031,agent088,agent058,agent025,agent0b7,agent010,agent087,agent083,agent07f,agent06c,agent0b4,agent0c1,agent01a,agent0be,agent0c3,agent011,agent018,agent0a1,agent093,agent002,agent043,agent076,agent00e,agent09f,agent03f,agent07c,agent042,agent074,agent050,agent035,agent036,agent027,agent077,agent08d,agent0aa,agent0c5,agent08b,agent006,agent045,agent05b
agent01a,agent07e,agent00b,agent016,agent04e,agent0ad,agent084,agent050,agent03f,agent034,agent0ac,agent098,agent041,agent039,agent044,agent0a7,agent066,agent024,agent03b,agent040,agent085,agent030,agent090,agent043,agent088,agent051,agent01b,agent08d,agent097,agent089,agent032,agent03a,agent09a,agent037,agent0c3,agent021,agent070,agent003,agent0b6,agent058,agent0be,agent09f,agent03d,agent000,agent012,agent0bd,agent07c,agent01f,agent06d,agent0a9,agent054
agent01b,agent034,agent06a,agent0b0,agent086,agent00e,agent090,agent04d,agent01f,agent039,agent061,agent067,agent030,agent079,agent063,agent0a4,agent076,agent06e,agent085,agent03f,agent0b7,agent0a3,agent08e,agent0bd,agent069,agent045,agent09e,agent049,agent03a,agent006,agent04e,agent035,agent091,agent07b,agent019,agent0ac,agent018,agent057,agent07f,agent07c,agent054,agent071,agent04f,agent095,agent053,agent052,agent03b,agent073,agent020,agent016,agent001
agent01c,agent06a,agent07d,agent09b,agent064,agent095,agent045,agent004,agent0ba,agent022,agent08d,agent0ae,agent081,agent091,agent092,agent036,agent019,agent052,agent068,agent080,agent033,agent0a1,agent044,agent049,agent0bd,agent0b4,agent026,agent05a,agent042,agent009,agent047,agent053,agent075,agent054,agent08c,agent096,agent002,agent086,agent061,agent0be,agent01b,agent04b,agent03d,agent069,agent08b,agent0ad,agent030,agent02d,agent046,agent05c,agent070
agent01d,agent089,agent0b0,agent0a6,agent035,agent07a,agent0bc,agent0bf,agent01c,agent0be,agent082,agent05a,agent061,agent094,agent06a,agent040,agent032,agent09d,agent09a,agent03d,agent06c,agent0c2,agent08c,agent09c,agent00c,agent079,agent0a5,agent0a2,agent0bd,agent0c1,agent016,agent085,agent024,agent02d,agent026,agent020,agent097,agent00e,agent093,agent069,agent003,agent042,agent054,agent092,agent090,agent02e,agent00a,agent0aa,agent0a4,agent078,agent073
agent01e,agent090,agent09a,agent0b4,agent0b2,agent0ab,agent008,agent0a0,agent0b0,agent0c3,agent07e,agent02e,agent000,agent055,agent078,agent05d,agent01f,agent032,agent06f,agent018,agent04b,agent04a,agent063,agent03f,agent013,agent052,agent016,agent07c,agent073,agent06a,agent088,agent09e,agent0c2,agent0c5,agent070,agent0b6,agent0bc,agent04d,agent04f,agent009,agent062,agent0be,agent05a,agent02b,agent08d,agent00b,agent0bf,agent0c6,agent001,agent0aa,agent0ad
agent01f,agent05c,agent0c0,agent059,agent083,agent00b,agent046,agent092,agent0b0,agent05b,agent03c,agent003,agent072,agent015,agent035,agent068,agent023,agent093,agent038,agent029,agent06c,agent0bd,agent01c,agent00c,agent00f,agent026,agent005,agent013,agent06a,agent02a,agent055,agent001,agent00a,agent0b4,agent01d,agent06d,agent01a,agent07d,agent02d,agent018,agent09a,agent0a6,agent052,agent074,agent03a,agent070,agent0ae,agent036,agent094,agent062,agent098
agent020,agent015,agent01f,agent02e,agent04e,agent099,agent045,agent076,agent01e,agent08e,agent08b,agent0b4,agent049,agent0ae,agent01c,agent011,agent06a,agent080,agent0bf,agent06c,agent09f,agent0c0,agent06f,agent0b9,agent047,agent0a1,agent07b,agent055,agent083,agent09a,agent04c,agent025,agent012,agent06d,agent0a6,agent00b,agent071,agent054,agent0a2,agent026,agent091,agent05a,agent0a4,agent000,agent06e,agent067,agent04f,agent0bd,agent070,agent006,agent068
agent021,agent01f,agent02f,agent0b3,agent0ab,agent049,agent060,agent05a,agent087,agent0bf,agent079,agent0b9,agent07c,agent0c2,agent04c,agent098,agent01b,agent037,agent04a,agent081,agent082,agent0b4,agent03b,agent028,agent02b,agent00a,agent07b,agent08b,agent0a5,agent0a9,agent076,agent05e,agent075,agent088,agent03c,agent085,agent027,agent007,agent0a4,agent052,agent050,agent047,agent09c,agent06a,agent06e,agent069,agent0a8,agent0b0,agent034,agent04d,agent038
agent022,agent067,agent007,agent06e,agent0a0,agent053,agent01a,agent0b5,agent059,agent013,agent047,agent04d,agent086,agent0aa,agent044,agent06a,agent00a,agent085,agent073,agent051,agent072,agent0b6,agent0b2,agent09c,agent0ac,agent096,agent0b7,agent0a7,agent019,agent083,agent05a,agent02e,agent03a,agent00e,agent052,agent032,agent071,agent00f,agent0af,agent091,agent07e,agent045,agent01c,agent0b3,agent095,agent029,agent0a9,agent018,agent06d,agent092,agent010
agent023,agent06a,agent08e,agent035,agent03a,agent0a5,agent0a3,agent063,agent00f,agent025,agent02e,agent0a7,agent093,agent088,agent068,agent00e,agent086,agent043,agent026,agent091,agent008,agent036,agent00b,agent030,agent015,agent0b2,agent080,agent089,agent019,agent098,agent066,agent096,agent00c,agent028,agent06f,agent078,agent06e,agent099,agent03b,agent03c,agent097,agent038,agent018,agent058,agent09d,agent0a9,agent009,agent014,agent0b8,agent05a,agent005
agent024,agent06d,agent055,agent003,agent041,agent04f,agent09f,agent06c,agent025,agent087,agent069,agent002,agent0bb,agent096,agent051,agent095,agent0b7,agent02c,agent01d,agent030,agent03c,agent0a7,agent033,agent02f,agent00d,agent049,agent080,agent089,agent048,agent001,agent042,agent0a9,agent0a6,agent01e,agent00f,agent032,agent05d,agent06a,agent084,agent005,agent086,agent073,agent0c1,agent0b5,agent071,agent0b8,agent07f,agent02e,agent0a4,agent0b3,agent0c3
agent025,agent04e,agent07b,agent063,agent0c6,agent07e,agent01f,agent0bb,agent0c0,agent09f,agent034,agent0ad,agent05b,agent023,agent09a,agent0b7,agent006,agent02f,agent05d,agent088,agent069,agent092,agent096,agent02c,agent021,agent01b,agent030,agent07a,agent037,agent059,agent08d,agent0a7,agent06f,agent060,agent024,agent011,agent08c,agent042,agent01a,agent03c,agent012,agent0bd,agent0ba,agent093,agent00d,agent094,agent046,agent017,agent01c,agent084,agent028
agent026,agent05a,agent0b6,agent06f,agent033,agent06a,agent090,agent02c,agent09b,agent060,agent05d,agent031,agent075,agent0a9,agent029,agent038,agent0c3,agent030,agent041,agent0be,agent073,agent003,agent092,agent043,agent05f,agent028,agent03b,agent059,agent062,agent072,agent017,agent096,agent08d,agent087,agent07a,agent07d,agent0ac,agent083,agent094,agent0a8,agent056,agent061,agent054,agent037,agent088,agent048,agent0a1,agent008,agent00b,agent04d,agent050
agent027,agent006,agent0b5,agent031,agent094,agent0af,agent092,agent05f,agent06c,agent0a2,agent087,agent0b8,agent02e,agent069,agent0b3,agent037,agent044,agent01a,agent045,agent07b,agent0ab,agent009,agent079,agent0a4,agent06a,agent0be,agent01d,agent097,agent014,agent0c6,agent025,agent035,agent036,agent004,agent0c1,agent0b7,agent024,agent091,agent058,agent043,agent075,agent017,agent0a9,agent09b,agent01e,agent07e,agent065,agent005,agent03d,agent03c,agent05a
agent028,agent018,agent05d,agent009,agent077,agent03b,agent00b,agent07f,agent034,agent057,agent0c5,agent007,agent0bf,agent082,agent01e,agent08a,agent021,agent079,agent07b,agent003,agent045,agent0c7,agent01b,agent0c4,agent063,agent041,agent08e,agent0a5,agent06d,agent04f,agent075,agent083,agent005,agent04e,agent09f,agent011,agent049,agent07d,agent023,agent03e,agent069,agent032,agent0aa,agent033,agent029,agent09a,agent0a7,agent097,agent04a,agent073,agent031
agent029,agent006,agent049,agent01c,agent078,agent036,agent008,agent098,agent0c3,agent01b,agent082,agent08b,agent055,agent0ad,agent030,agent086,agent084,agent00d,agent0a6,agent05b,agent026,agent005,agent072,agent043,agent099,agent07a,agent0bc,agent056,agent039,agent089,agent03b,agent077,agent03f,agent001,agent028,agent04a,agent08f,agent0c2,agent0b5,agent03d,agent065,agent031,agent093,agent00c,agent02f,agent08a,agent0c7,agent01a,agent073,agent05e,agent0a8
agent02a,agent08e,agent0b9,agent011,agent082,agent0a2,agent081,agent094,agent0a0,agent085,agent0aa,agent060,agent09e,agent04d,agent098,agent04a,agent0a7,agent087,agent04b,agent07a,agent0a9,agent007,agent0b3,agent058,agent01a,agent010,agent0be,agent077,agent0b8,agent054,agent0b1,agent057,agent07d,agent033,agent03f,agent00b,agent028,agent07e,agent0c5,agent0c1,agent025,agent05a,agent02b,agent0bd,agent035,agent08d,agent068,agent097,agent019,agent0ac,agent09b
agent02b,agent01a,agent061,agent029,agent059,agent0bb,agent08a,agent039,agent08d,agent030,agent0c6,agent01b,agent028,agent093,agent03d,agent064,agent09e,agent026,agent017,agent088,agent006,agent02a,agent091,agent012,agent031,agent0be,agent085,agent000,agent04a,agent0b2,agent0b5,agent037,agent080,agent0c5,agent0a8,agent011,agent044,agent043,agent0a7,agent00c,agent065,agent08f,agent08c,agent09d,agent0b6,agent09a,agent0a2,agent08b,agent0a3,agent014,agent00d
agent02c,agent04c,agent063,agent07b,agent0ad,agent0b6,agent08c,agent056,agent05a,agent0c0,agent091,agent04a,agent057,agent003,agent064,agent042,agent081,agent0b0,agent072,agent079,agent076,agent018,agent089,agent006,agent013,agent026,agent035,agent031,agent082,agent08e,agent0c1,agent077,agent048,agent034,agent030,agent0b3,agent050,agent097,agent00f,agent014,agent041,agent0be,agent01d,agent007,agent0a5,agent022,agent0b2,agent098,agent049,agent0a4,agent023
agent02d,agent0af,agent0a9,agent06b,agent002,agent022,agent001,agent006,agent0c2,agent015,agent05f,agent038,agent0bd,agent044,agent02b,agent057,agent06d,agent039,agent0b7,agent05d,agent091,agent0ab,agent07d,agent07c,agent0a0,agent012,agent06f,agent016,agent08f,agent082,agent020,agent035,agent01c,agent0c5,agent004,agent017,agent0bb,agent03b,agent00a,agent045,agent030,agent059,agent09b,agent09f,agent051,agent031,agent052,agent071,agent06e,agent0b5,agent048
agent02e,agent0b6,agent09b,agent0b9,agent018,agent00f,agent0a4,agent055,agent02d,agent06b,agent087,agent089,agent02c,agent0bd,agent084,agent0b0,agent06f,agent01e,agent0b7,agent098,agent05a,agent045,agent08c,agent071,agent032,agent015,agent0c4,agent01b,agent04f,agent0b1,agent062,agent07c,agent0c0,agent086,agent0be,agent054,agent03d,agent0aa,agent097,agent03c,agent01a,agent040,agent030,agent049,agent067,agent017,agent07a,agent0c2,agent06a,agent0b2,agent06e
agent02f,agent0bd,agent099,agent067,agent0ac,agent080,agent0a0,agent087,agent000,agent074,agent04b,agent042,agent084,agent094,agent017,agent001,agent01a,agent01f,agent044,agent022,agent0b2,agent068,agent09f,agent0a5,agent007,agent06a,agent0a6,agent09b,agent027,agent0b5,agent051,agent0c4,agent058,agent0b6,agent032,agent03d,agent063,agent0b7,agent02e,agent060,agent0bc,agent056,agent0a2,agent06f,agent059,agent069,agent073,agent0c2,agent076,agent033,agent00a
agent030,agent062,agent0c1,agent0bc,agent019,agent08d,agent026,agent018,agent0a3,agent039,agent0a6,agent001,agent0c4,agent031,agent07a,agent068,agent04d,agent07e,agent08b,agent0a0,agent0b7,agent07f,agent02c,agent054,agent0aa,agent09f,agent08c,agent073,agent0a8,agent0b9,agent06e,agent027,agent02f,agent081,agent053,agent085,agent032,agent029,agent051,agent050,agent010,agent06f,agent05e,agent048,agent077,agent041,agent06d,agent052,agent0c7,agent0ac,agent012
agent031,agent0b0,agent032,agent0bf,agent099,agent074,agent000,agent026,agent098,agent0a4,agent0c2,agent069,agent004,agent06f,agent00b,agent049,agent019,agent027,agent03d,agent07f,agent012,agent084,agent0a9,agent013,agent0b6,agent034,agent08d,agent03b,agent0af,agent0b8,agent06c,agent09d,agent09b,agent02d,agent0c7,agent0ad,agent0b3,agent064,agent052,agent0a0,agent009,agent01a,agent00a,agent0a8,agent0b1,agent0b9,agent077,agent08c,agent073,agent047,agent070
agent032,agent0aa,agent02a,agent066,agent06c,agent0a1,agent09c,agent0ad,agent079,agent0b8,agent052,agent036,agent02e,agent023,agent070,agent017,agent007,agent013,agent06b,agent0b2,agent0ab,agent03c,agent0c2,agent030,agent02f,agent006,agent0b4,agent019,agent03d,agent027,agent093,agent001,agent0ba,agent07d,agent068,agent077,agent0a4,agent0a7,agent06a,agent080,agent01e,agent07f,agent0ac,agent040,agent055,agent099,agent024,agent092,agent004,agent062,agent03e
agent033,agent0af,agent0c0,agent09d,agent0c2,agent0a2,agent054,agent023,agent055,agent078,agent0be,agent064,agent09a,agent08e,agent093,agent044,agent041,agent035,agent0a3,agent061,agent0b9,agent07c,agent0a1,agent052,agent070,agent005,agent092,agent017,agent00f,agent06c,agent01d,agent0a7,agent0a4,agent039,agent02e,agent04a,agent038,agent068,agent087,agent0bb,agent094,agent063,agent02b,agent030,agent08d,agent0b8,agent0ab,agent075,agent014,agent049,agent04f
agent034,agent013,agent0c0,agent062,agent043,agent027,agent046,agent07a,agent0b0,agent053,agent0c3,agent0ba,agent008,agent036,agent086,agent08b,agent00e,agent039,agent028,agent01c,agent052,agent070,agent090,agent04b,agent09f,agent01e,agent06e,agent048,agent092,agent03c,agent078,agent02f,agent029,agent0bf,agent08d,agent01a,agent082,agent0b6,agent01b,agent059,agent038,agent021,agent014,agent045,agent051,agent005,agent094,agent04f,agent07d,agent03d,agent088
agent035,agent01c,agent074,agent0bf,agent032,agent0b4,agent09d,agent0a8,agent068,agent01f,agent05f,agent09f,agent057,agent045,agent097,agent073,agent07e,agent004,agent015,agent012,agent008,agent022,agent05a,agent0af,agent096,agent0c6,agent0b1,agent087,agent06f,agent011,agent010,agent009,agent05c,agent069,agent078,agent018,agent0a6,agent039,agent03d,agent02a,agent08b,agent050,agent079,agent00e,agent088,agent091,agent0bd,agent014,agent0c0,agent092,agent07c
agent036,agent01d,agent01b,agent07d,agent05e,agent0b6,agent003,agent049,agent04b,agent005,agent0b0,agent075,agent082,agent096,agent08c,agent05f,agent085,agent0bf,agent076,agent031,agent080,agent081,agent02a,agent0ad,agent09e,agent08a,agent010,agent097,agent062,agent017,agent048,agent092,agent0ba,agent001,agent07b,agent06c,agent060,agent069,agent061,agent013,agent04c,agent07a,agent083,agent0b4,agent0b8,agent056,agent0b3,agent04d,agent059,agent087,agent035
agent037,agent06b,agent038,agent025,agent08c,agent053,agent03b,agent03c,agent02d,agent097,agent018,agent066,agent009,agent084,agent036,agent021,agent0bd,agent058,agent031,agent00f,agent02f,agent033,agent029,agent02b,agent032,agent09b,agent0af,agent01b,agent047,agent011,agent064,agent0b6,agent03f,agent08f,agent002,agent085,agent04c,agent055,agent093,agent087,agent098,agent0a6,agent070,agent00e,agent005,agent076,agent09e,agent0a2,agent07e,agent075,agent000
agent038,agent0ac,agent04f,agent081,agent024,agent007,agent0a9,agent092,agent023,agent0a2,agent08e,agent082,agent034,agent074,agent0bf,agent050,agent087,agent05c,agent062,agent075,agent051,agent033,agent010,agent0bd,agent00e,agent027,agent0bb,agent08d,agent052,agent057,agent0b1,agent043,agent07a,agent002,agent0a3,agent077,agent099,agent06e,agent01c,agent06a,agent078,agent03b,agent048,agent0c1,agent01f,agent02e,agent071,agent055,agent0a7,agent068,agent066
agent039,agent009,agent008,agent074,agent033,agent075,agent02a,agent06a,agent0a3,agent088,agent053,agent03b,agent014,agent085,agent026,agent076,agent0a9,agent006,agent06e,agent043,agent08d,agent0c6,agent05c,agent0a0,agent016,agent030,agent07a,agent055,agent045,agent04a,agent0b2,agent020,agent050,agent0a8,agent0c7,agent092,agent023,agent0c4,agent0ad,agent070,agent03e,agent00e,agent002,agent0a1,agent08a,agent083,agent011,agent05d,agent069,agent03c,agent00a
agent03a,agent0b8,agent084,agent03e,agent01d,agent02e,agent029,agent0a9,agent06b,agent085,agent01c,agent057,agent0a5,agent00c,agent044,agent011,agent083,agent0ba,agent048,agent05c,agent06c,agent02f,agent052,agent09b,agent0b4,agent049,agent094,agent0ad,agent033,agent00e,agent04e,agent0af,agent09e,agent09d,agent01a,agent032,agent0ac,agent01e,agent0b5,agent095,agent0ab,agent074,agent063,agent0c5,agent04f,agent0a6,agent036,agent042,agent096,agent077,agent050
agent03b,agent097,agent071,agent08d,agent073,agent000,agent02a,agent0b6,agent088,agent07b,agent074,agent034,agent035,agent086,agent028,agent0c2,agent00b,agent0a3,agent05c,agent0b4,agent099,agent029,agent039,agent094,agent089,agent0be,agent07c,agent03e,agent0aa,agent008,agent06a,agent0b0,agent045,agent098,agent026,agent048,agent00c,agent07d,agent0a1,agent005,agent0a8,agent08e,agent09d,agent07a,agent02b,agent046,agent0c6,agent054,agent06d,agent01f,agent02e
agent03c,agent093,agent014,agent05e,agent08d,agent01f,agent02d,agent0ae,agent032,agent025,agent024,agent090,agent040,agent016,agent09a,agent0a3,agent039,agent0ad,agent009,agent084,agent042,agent0aa,agent061,agent078,agent02c,agent075,agent045,agent05b,agent072,agent044,agent066,agent01a,agent027,agent083,agent047,agent04a,agent076,agent06a,agent09b,agent026,agent092,agent0ab,agent02a,agent05c,agent070,agent058,agent064,agent00e,agent0c7,agent007,agent06c
agent03d,agent0b9,agent00f,agent00a,agent061,agent0ac,agent08e,agent054,agent003,agent05d,agent0c1,agent079,agent073,agent0b6,agent0ae,agent021,agent059,agent022,agent031,agent06e,agent02f,agent044,agent045,agent04b,agent095,agent068,agent0a4,agent0b4,agent038,agent02e,agent089,agent016,agent080,agent094,agent06b,agent0af,agent06c,agent07c,agent01b,agent057,agent0be,agent0bb,agent017,agent024,agent096,agent0c5,agent039,agent086,agent030,agent06f,agent01a
agent03e,agent095,agent043,agent00a,agent0c7,agent003,agent098,agent02c,agent089,agent068,agent079,agent099,agent070,agent030,agent00f,agent011,agent031,agent0a8,agent00e,agent0a2,agent0c5,agent0c1,agent0b7,agent0ac,agent0b5,agent091,agent076,agent049,agent04f,agent05d,agent05c,agent078,agent01c,agent0ae,agent090,agent094,agent0a5,agent045,agent05e,agent047,agent0bf,agent097,agent0b8,agent03a,agent0c3,agent05a,agent0be,agent06d,agent0bb,agent044,agent07b
agent03f,agent068,agent00c,agent006,agent032,agent0c5,agent055,agent004,agent092,agent084,agent0a6,agent003,agent002,agent0ae,agent007,agent013,agent0b1,agent01a,agent071,agent0ad,agent00a,agent09c,agent06b,agent0a7,agent0c0,agent051,agent043,agent06a,agent075,agent047,agent0ab,agent019,agent038,agent073,agent044,agent04a,agent060,agent080,agent021,agent0b0,agent099,agent031,agent08c,agent0bb,agent018,agent042,agent066,agent05d,agent059,agent041,agent00e
agent040,agent029,agent09d,agent0bb,agent030,agent0aa,agent027,agent00b,agent09e,agent047,agent02b,agent0b7,agent092,agent05c,agent037,agent00a,agent096,agent0ac,agent09c,agent0b0,agent07f,agent071,agent0a5,agent06a,agent03b,agent012,agent006,agent02d,agent068,agent04c,agent0a3,agent082,agent07d,agent0a6,agent093,agent0a4,agent087,agent0a9,agent016,agent04a,agent041,agent0a2,agent060,agent03a,agent0b5,agent077,agent00c,agent064,agent024,agent075,agent050
agent041,agent01e,agent086,agent09f,agent0c4,agent07f,agent001,agent05d,agent0ac,agent0b0,agent002,agent07a,agent051,agent00b,agent08f,agent03f,agent046,agent031,agent0a0,agent058,agent0c5,agent018,agent042,agent092,agent033,agent013,agent009,agent06a,agent014,agent0c2,agent0a5,agent044,agent050,agent038,agent0b3,agent088,agent07e,agent0b6,agent017,agent02b,agent093,agent091,agent054,agent0c1,agent08c,agent03d,agent0ab,agent09e,agent03c,agent01d,agent04a
agent042,agent09b,agent097,agent0a2,agent012,agent005,agent08d,agent07e,agent09d,agent06c,agent066,agent089,agent018,agent07b,agent04f,agent085,agent00c,agent083,agent00f,agent001,agent04b,agent08e,agent069,agent057,agent017,agent0c7,agent0a5,agent043,agent06a,agent0b4,agent0c4,agent0b0,agent02e,agent05b,agent028,agent062,agent09a,agent03d,agent055,agent029,agent01b,agent07d,agent027,agent02a,agent0b2,agent003,agent0b6,agent023,agent00a,agent0bd,agent068
agent043,agent00f,agent0b3,agent08c,agent09c,agent0c1,agent09e,agent03d,agent056,agent02e,agent06a,agent042,agent0b2,agent05f,agent06b,agent031,agent032,agent088,agent00b,agent072,agent08a,agent083,agent024,agent037,agent02c,agent0c4,agent001,agent09a,agent078,agent071,agent03e,agent0a7,agent0ad,agent01a,agent004,agent068,agent069,agent0a9,agent0a1,agent013,agent092,agent035,agent02b,agent027,agent0b8,agent0a6,agent0bc,agent084,agent07b,agent0a0,agent044
agent044,agent0ab,agent096,agent055,agent077,agent073,agent053,agent02f,agent069,agent0b2,agent07a,agent09f,agent064,agent07d,agent036,agent003,agent011,agent080,agent06e,agent09d,agent0b8,agent02e,agent07f,agent083,agent0a5,agent01f,agent050,agent04c,agent038,agent070,agent016,agent01d,agent029,agent054,agent0be,agent0a0,agent0bc,agent065,agent071,agent06f,agent017,agent072,agent02d,agent059,agent023,agent039,agent0c6,agent0b9,agent00e,agent001,agent012
agent045,agent024,agent06a,agent026,agent096,agent056,agent0af,agent07e,agent00d,agent084,agent01f,agent0b0,agent058,agent01b,agent040,agent055,agent015,agent064,agent06c,agent0c0,agent031,agent0c1,agent09e,agent032,agent091,agent06b,agent007,agent07b,agent051,agent09a,agent01a,agent0be,agent02a,agent03a,agent01c,agent09f,agent079,agent011,agent0bd,agent0c7,agent02d,agent05d,agent0a6,agent0ae,agent005,agent098,agent074,agent063,agent086,agent00c,agent02f
agent046,agent08b,agent082,agent02e,agent094,agent021,agent050,agent07a,agent075,agent0a0,agent083,agent001,agent05e,agent013,agent07e,agent043,agent090,agent017,agent041,agent028,agent002,agent058,agent072,agent023,agent006,agent0ad,agent0c4,agent048,agent07d,agent03d,agent053,agent0ac,agent0c5,agent0a7,agent091,agent065,agent099,agent09f,agent06e,agent0b3,agent084,agent00f,agent0b0,agent01a,agent0a5,agent04c,agent04b,agent020,agent093,agent07f,agent059
agent047,agent060,agent04d,agent0b0,agent02a,agent0c0,agent065,agent016,agent075,agent0aa,agent098,agent06f,agent02b,agent03a,agent083,agent00e,agent081,agent0a7,agent0a0,agent087,agent0a8,agent09a,agent0a3,agent0c5,agent001,agent056,agent07a,agent0b3,agent053,agent0bc,agent06d,agent08d,agent0c2,agent00b,agent00f,agent04e,agent004,agent05c,agent076,agent026,agent0c4,agent055,agent036,agent01b,agent02f,agent07f,agent04c,agent03f,agent095,agent048,agent0b2
agent048,agent072,agent094,agent096,agent08b,agent00a,agent04e,agent028,agent024,agent083,agent062,agent049,agent0a7,agent067,agent05e,agent031,agent0c1,agent043,agent07e,agent0ba,agent0c6,agent051,agent0b5,agent064,agent0a3,agent0af,agent0c3,agent039,agent071,agent0b0,agent08e,agent09d,agent0a5,agent0ad,agent018,agent060,agent00d,agent0b7,agent04a,agent02c,agent085,agent090,agent03f,agent09a,agent042,agent070,agent01d,agent087,agent08d,agent026,agent041
agent049,agent00a,agent02e,agent089,agent03a,agent0ba,agent011,agent01e,agent04f,agent0a6,agent0b7,agent021,agent099,agent0a8,agent0a7,agent084,agent04e,agent006,agent003,agent0a1,agent00b,agent059,agent091,agent007,agent04b,agent035,agent08e,agent041,agent0c0,agent085,agent002,agent071,agent005,agent050,agent0c7,agent062,agent074,agent03e,agent0bf,agent01c,agent076,agent06e,agent0a2,agent017,agent0ae,agent02c,agent09f,agent048,agent029,agent033,agent031
agent04a,agent00f,agent000,agent0a1,agent039,agent0bc,agent03d,agent0c4,agent04e,agent04f,agent06b,agent0b3,agent037,agent040,agent049,agent090,agent0b4,agent008,agent051,agent036,agent00e,agent070,agent010,agent028,agent0a9,agent08d,agent01c,agent0c2,agent01d,agent013,agent042,agent08f,agent067,agent085,agent034,agent058,agent054,agent018,agent06a,agent0ae,agent08b,agent016,agent084,agent004,agent01a,agent0be,agent09f,agent097,agent08c,agent00a,agent0c6
agent04b,agent06d,agent09b,agent083,agent010,agent088,agent023,agent0b7,agent097,agent085,agent020,agent09f,agent067,agent0c7,agent0bc,agent022,agent01e,agent052,agent0b9,agent0a5,agent0ba,agent0b1,agent07a,agent0ae,agent032,agent017,agent07e,agent0a7,agent081,agent005,agent0b5,agent039,agent0bb,agent090,agent09c,agent02a,agent0a0,agent080,agent05c,agent001,agent026,agent091,agent043,agent06e,agent03c,agent08a,agent057,agent087,agent072,agent030,agent00b
agent04c,agent06e,agent033,agent089,agent029,agent053,agent09b,agent028,agent062,agent0c7,agent09f,agent06b,agent084,agent014,agent0b7,agent0aa,agent09a,agent07f,agent06f,agent066,agent0b5,agent0be,agent0a1,agent069,agent045,agent04a,agent0b6,agent0b9,agent008,agent08a,agent063,agent02d,agent0b8,agent087,agent0c2,agent010,agent091,agent00b,agent03f,agent02f,agent082,agent00e,agent04e,agent012,agent007,agent023,agent057,agent0b4,agent051,agent0ad,agent038
agent04d,agent059,agent09a,agent051,agent03a,agent057,agent01c,agent0a2,agent0b8,agent0c2,agent0c5,agent002,agent0ad,agent0aa,agent053,agent01e,agent07d,agent007,agent093,agent031,agent040,agent09e,agent032,agent097,agent001,agent08b,agent04f,agent056,agent0b0,agent05a,agent0c0,agent02c,agent0b6,agent012,agent01a,agent000,agent01b,agent06a,agent030,agent02e,agent0be,agent089,agent075,agent0a7,agent0b7,agent080,agent010,agent07e,agent06c,agent068,agent062
agent04e,agent06b,agent013,agent098,agent079,agent0c5,agent036,agent011,agent056,agent0b8,agent0a0,agent0be,agent047,agent04b,agent015,agent01e,agent05e,agent043,agent090,agent008,agent061,agent09f,agent0ba,agent02b,agent088,agent084,agent0a7,agent01c,agent06f,agent089,agent099,agent040,agent057,agent01a,agent026,agent001,agent0bf,agent0c3,agent024,agent055,agent08e,agent005,agent01d,agent02f,agent0a1,agent062,agent00a,agent046,agent070,agent0b3,agent082
agent04f,agent0b5,agent036,agent064,agent0b7,agent020,agent01b,agent00c,agent07a,agent028,agent0ba,agent094,agent0c7,agent053,agent0be,agent0a5,agent0bf,agent047,agent04e,agent034,agent050,agent01f,agent0b1,agent024,agent004,agent016,agent009,agent078,agent074,agent017,agent07f,agent0c2,agent04d,agent0c0,agent040,agent06c,agent092,agent08c,agent085,agent00f,agent082,agent08b,agent08e,agent0a0,agent076,agent083,agent0a1,agent011,agent0a7,agent0a6,agent090
agent050,agent037,agent042,agent064,agent093,agent0ae,agent046,agent0a3,agent001,agent07c,agent011,agent0b0,agent035,agent02f,agent0ad,agent082,agent089,agent058,agent07d,agent05f,agent0b7,agent054,agent08c,agent00e,agent09d,agent0c4,agent033,agent09c,agent0b9,agent060,agent08a,agent0a0,agent032,agent007,agent062,agent003,agent024,agent05a,agent01b,agent05c,agent022,agent078,agent09e,agent0af,agent004,agent02d,agent0bf,agent0ab,agent08b,agent08f,agent02a
agent051,agent00d,agent096,agent05f,agent0a0,agent002,agent0c6,agent012,agent03e,agent01b,agent0ac,agent052,agent089,agent065,agent029,agent0c2,agent030,agent02c,agent04f,agent000,agent036,agent078,agent004,agent037,agent050,agent0c0,agent028,agent044,agent015,agent0ae,agent095,agent0b2,agent09a,agent009,agent0b0,agent010,agent023,agent048,agent07f,agent08e,agent007,agent0a8,agent0be,agent0c1,agent00a,agent074,agent04d,agent024,agent06e,agent02f,agent01c
agent052,agent087,agent02a,agent086,agent025,agent0b6,agent001,agent066,agent068,agent042,agent009,agent02b,agent015,agent00e,agent072,agent018,agent061,agent0ab,agent04a,agent01b,agent0ba,agent049,agent04f,agent08f,agent008,agent019,agent0a1,agent07e,agent059,agent039,agent027,agent0c4,agent05f,agent097,agent071,agent09a,agent01d,agent012,agent09c,agent010,agent035,agent05d,agent02c,agent03c,agent0bb,agent09d,agent099,agent0a9,agent040,agent088,agent0a6
agent053,agent0af,agent057,agent066,agent011,agent006,agent0c3,agent095,agent06f,agent0ae,agent063,agent091,agent01f,agent0ab,agent064,agent08f,agent04d,agent002,agent072,agent097,agent07f,agent084,agent05e,agent098,agent065,agent04b,agent0bf,agent0c2,agent0bc,agent03d,agent0a0,agent083,agent01d,agent00c,agent078,agent00e,agent0a7,agent058,agent079,agent0b7,agent092,agent074,agent02e,agent0c4,agent040,agent07a,agent09e,agent0b5,agent093,agent05d,agent0bb
agent054,agent0ab,agent0c1,agent0b5,agent023,agent0b9,agent025,agent05a,agent03f,agent092,agent01f,agent09c,agent07e,agent013,agent003,agent095,agent0a6,agent097,agent040,agent02c,agent082,agent09a,agent06a,agent06d,agent00c,agent048,agent031,agent067,agent086,agent060,agent04b,agent01d,agent05c,agent032,agent058,agent091,agent052,agent0b7,agent03e,agent00a,agent024,agent0ba,agent042,agent09e,agent00e,agent0bc,agent05d,agent0bb,agent02e,agent073,agent0b8
agent055,agent08f,agent0ba,agent017,agent02e,agent0c6,agent013,agent05f,agent015,agent020,agent00d,agent019,agent09e,agent08c,agent003,agent034,agent079,agent075,agent0ac,agent056,agent036,agent074,agent06f,agent065,agent080,agent00f,agent0b5,agent0a5,agent054,agent022,agent0a3,agent035,agent0b6,agent09a,agent0bd,agent08a,agent049,agent033,agent026,agent06c,agent0a1,agent0c2,agent07c,agent05e,agent076,agent060,agent078,agent066,agent00a,agent067,agent023
agent056,agent025,agent037,agent06e,agent082,agent034,agent00b,agent09a,agent0a1,agent085,agent019,agent091,agent0c6,agent0b9,agent0ad,agent0c7,agent045,agent0a5,agent044,agent0b6,agent043,agent081,agent075,agent072,agent08d,agent02d,agent05f,agent0ac,agent012,agent0a8,agent069,agent0b2,agent092,agent0bc,agent031,agent038,agent01a,agent033,agent080,agent06f,agent04d,agent000,agent095,agent08e,agent089,agent03a,agent042,agent050,agent023,agent093,agent0a6
agent057,agent05d,agent08e,agent072,agent0bf,agent0aa,agent076,agent07f,agent042,agent0c1,agent0a6,agent045,agent019,agent001,agent056,agent049,agent06f,agent0c4,agent02f,agent0be,agent0ac,agent080,agent09d,agent073,agent0ab,agent058,agent024,agent05a,agent00a,agent0a3,agent008,agent084,agent083,agent079,agent055,agent01b,agent075,agent0c5,agent026,agent093,agent00f,agent090,agent015,agent087,agent0b4,agent000,agent00e,agent07e,agent031,agent086,agent07c
agent058,agent092,agent040,agent097,agent067,agent089,agent09d,agent0af,agent0b3,agent074,agent007,agent0b0,agent08f,agent013,agent07a,agent07f,agent03b,agent001,agent04e,agent01c,agent01f,agent083,agent0b6,agent0bb,agent069,agent016,agent02e,agent085,agent033,agent0a9,agent022,agent0a1,agent081,agent050,agent009,agent087,agent018,agent091,agent01b,agent084,agent064,agent062,agent0ba,agent027,agent0bf,agent00e,agent0ab,agent07b,agent0a4,agent04c,agent076
agent059,agent075,agent048,agent01d,agent052,agent03c,agent092,agent04c,agent0aa,agent088,agent099,agent07e,agent006,agent07b,agent087,agent04b,agent09d,agent03d,agent090,agent03e,agent068,agent01f,agent01b,agent070,agent071,agent056,agent0c1,agent035,agent0b1,agent023,agent01a,agent085,agent094,agent021,agent060,agent0ab,agent00c,agent005,agent07d,agent036,agent02e,agent00a,agent020,agent0b9,agent040,agent027,agent091,agent02c,agent01c,agent09a,agent096
agent05a,agent008,agent050,agent011,agent042,agent067,agent072,agent053,agent07d,agent0c4,agent07c,agent073,agent01a,agent025,agent0a7,agent078,agent0ae,agent08c,agent0a6,agent040,agent0af,agent012,agent00c,agent0c2,agent04b,agent046,agent055,agent0b7,agent095,agent021,agent068,agent096,agent01d,agent093,agent041,agent0b8,agent05d,agent035,agent082,agent001,agent037,agent0bd,agent00f,agent0b5,agent01f,agent027,agent086,agent031,agent052,agent09b,agent054
agent05b,agent055,agent033,agent092,agent08d,agent073,agent08a,agent081,agent00f,agent019,agent05d,agent0a4,agent04e,agent070,agent0ad,agent064,agent0a0,agent0a5,agent049,agent068,agent01b,agent065,agent071,agent03f,agent079,agent057,agent0a3,agent06b,agent0a9,agent00b,agent034,agent01c,agent07f,agent046,agent062,agent03b,agent067,agent074,agent041,agent0a7,agent009,agent05c,agent0bd,agent07e,agent010,agent0b3,agent0aa,agent020,agent03e,agent060,agent040
agent05c,agent018,agent02a,agent0ba,agent00d,agent000,agent09e,agent094,agent092,agent08f,agent0aa,agent0ae,agent019,agent0c6,agent05f,agent0c2,agent03e,agent0c7,agent0a4,agent0b2,agent01b,agent0a6,agent022,agent08e,agent039,agent0af,agent0a5,agent016,agent08a,agent06b,agent051,agent026,agent0b7,agent09d,agent087,agent020,agent0ad,agent0b0,agent0a9,agent05a,agent01a,agent073,agent001,agent0c5,agent03b,agent04f,agent07c,agent033,agent02d,agent06c,agent023
agent05d,agent0aa,agent021,agent0a5,agent000,agent0b9,agent079,agent0af,agent033,agent044,agent078,agent074,agent0bb,agent058,agent07f,agent05e,agent042,agent047,agent024,agent072,agent066,agent049,agent095,agent03b,agent0ac,agent057,agent010,agent04c,agent061,agent003,agent008,agent0b8,agent0a1,agent07c,agent0a6,agent096,agent0be,agent022,agent060,agent02b,agent02c,agent0c1,agent012,agent097,agent023,agent092,agent082,agent086,agent043,agent03d,agent08a
agent05e,agent086,agent0a8,agent014,agent083,agent0a4,agent006,agent01e,agent059,agent077,agent04b,agent081,agent0bd,agent067,agent09b,agent08d,agent062,agent078,agent009,agent087,agent00b,agent026,agent03c,agent02a,agent051,agent07a,agent036,agent03a,agent08e,agent00e,agent037,agent013,agent041,agent0c2,agent0a7,agent0bb,agent02c,agent05c,agent039,agent038,agent054,agent035,agent091,agent049,agent0bf,agent064,agent0b3,agent02f,agent0b1,agent000,agent094
agent05f,agent07a,agent024,agent09b,agent059,agent021,agent0c6,agent090,agent0a8,agent03a,agent04b,agent05d,agent008,agent0a3,agent05e,agent011,agent0b2,agent0a5,agent056,agent099,agent0b8,agent041,agent0bd,agent07c,agent022,agent051,agent026,agent025,agent063,agent084,agent042,agent0b7,agent058,agent07e,agent09e,agent039,agent0b5,agent0bb,agent00d,agent01f,agent03f,agent037,agent012,agent049,agent0c3,agent0c0,agent015,agent065,agent016,agent083,agent01c
agent060,agent0af,agent083,agent05a,agent069,agent05d,agent042,agent06d,agent0a3,agent072,agent022,agent068,agent03c,agent07f,agent01c,agent003,agent07d,agent089,agent023,agent0a1,agent0ac,agent014,agent001,agent03d,agent0b1,agent06a,agent043,agent026,agent016,agent011,agent024,agent058,agent0c0,agent005,agent040,agent067,agent0a2,agent051,agent096,agent074,agent093,agent02c,agent07c,agent054,agent006,agent027,agent044,agent077,agent082,agent0a6,agent04e
agent061,agent05d,agent037,agent0c0,agent051,agent094,agent019,agent0a9,agent0ad,agent0ab,agent05b,agent04e,agent01e,agent004,agent0a5,agent0be,agent085,agent068,agent073,agent079,agent083,agent024,agent078,agent0b1,agent04f,agent023,agent05a,agent005,agent058,agent091,agent0bc,agent009,agent084,agent025,agent0b2,agent0b6,agent02a,agent09c,agent0a2,agent043,agent02c,agent000,agent0ba,agent0a6,agent0b8,agent064,agent06a,agent05c,agent04b,agent0bf,agent02e
agent062,agent08b,agent0b0,agent0b7,agent09b,agent067,agent023,agent03b,agent034,agent0ab,agent0b6,agent025,agent0c1,agent01e,agent02e,agent007,agent069,agent06d,agent0c5,agent022,agent014,agent093,agent004,agent0c6,agent066,agent0c7,agent006,agent032,agent080,agent04e,agent06b,agent029,agent0c2,agent06e,agent097,agent084,agent0b2,agent065,agent045,agent024,agent096,agent044,agent05d,agent0a8,agent03e,agent09c,agent028,agent064,agent030,agent08a,agent060
agent063,agent02a,agent061,agent00e,agent026,agent097,agent0ac,agent083,agent064,agent0ae,agent060,agent0a0,agent041,agent06e,agent080,agent0c1,agent072,agent099,agent017,agent02b,agent053,agent049,agent035,agent05d,agent065,agent070,agent06a,agent0b1,agent055,agent0ba,agent076,agent056,agent08a,agent07b,agent08f,agent057,agent084,agent06c,agent06b,agent08d,agent050,agent01a,agent085,agent075,agent000,agent07d,agent0a3,agent05a,agent098,agent0c3,agent0c7
agent064,agent09b,agent05b,agent0bf,agent087,agent04f,agent06e,agent03a,agent06a,agent074,agent058,agent0c6,agent03e,agent051,agent00a,agent055,agent04e,agent09f,agent0aa,agent02a,agent018,agent08e,agent0b5,agent096,agent01c,agent042,agent059,agent07d,agent099,agent0b2,agent0ba,agent089,agent083,agent026,agent067,agent009,agent0ae,agent011,agent07a,agent0a6,agent03c,agent05c,agent05d,agent0c7,agent06f,agent09e,agent053,agent02f,agent044,agent054,agent02c
agent065,agent039,agent0a6,agent055,agent03d,agent043,agent095,agent042,agent062,agent021,agent0a4,agent004,agent04d,agent024,agent0c1,agent087,agent080,agent0ab,agent03b,agent03e,agent085,agent0c7,agent03f,agent00e,agent06c,agent038,agent0a1,agent0be,agent0a9,agent0b0,agent07c,agent078,agent016,agent044,agent003,agent0ae,agent05a,agent090,agent02c,agent067,agent0c3,agent0ac,agent04e,agent01a,agent0a0,agent098,agent045,agent0a7,agent012,agent093,agent061
agent066,agent025,agent076,agent02a,agent08e,agent0a3,agent041,agent007,agent033,agent053,agent0b8,agent024,agent026,agent05b,agent035,agent069,agent059,agent04b,agent0a5,agent029,agent0bd,agent018,agent078,agent086,agent014,agent094,agent031,agent0a7,agent08f,agent04d,agent0c6,agent092,agent09c,agent054,agent077,agent08d,agent03d,agent081,agent03a,agent0b5,agent0a0,agent01c,agent062,agent05e,agent021,agent098,agent060,agent09d,agent07a,agent008,agent070
agent067,agent020,agent044,agent031,agent04d,agent0a1,agent081,agent00c,agent051,agent04c,agent004,agent099,agent002,agent01a,agent02b,agent068,agent07b,agent07e,agent0b1,agent037,agent06a,agent09a,agent093,agent098,agent06e,agent094,agent0c2,agent023,agent078,agent08f,agent01e,agent0ad,agent001,agent061,agent00e,agent03f,agent0a6,agent096,agent04e,agent08b,agent0a3,agent0ba,agent047,agent09e,agent080,agent05c,agent090,agent083,agent02f,agent02e,agent030
agent068,agent041,agent0c2,agent06b,agent04b,agent0c1,agent0a9,agent0b5,agent017,agent01d,agent080,agent054,agent029,agent00e,agent043,agent002,agent064,agent06d,agent020,agent010,agent0bd,agent08f,agent049,agent075,agent072,agent07e,agent047,agent04c,agent02f,agent04a,agent044,agent0a6,agent0af,agent057,agent051,agent034,agent032,agent0c4,agent08a,agent01a,agent093,agent0ab,agent06e,agent08d,agent028,agent03c,agent02d,agent0bf,agent0ad,agent01c,agent056
agent069,agent0a5,agent00d,agent081,agent05f,agent0a8,agent041,agent0c1,agent079,agent020,agent00c,agent04b,agent0c2,agent0c6,agent001,agent013,agent075,agent040,agent0b0,agent0b4,agent061,agent065,agent0b8,agent09f,agent06e,agent0b7,agent032,agent074,agent008,agent0a0,agent073,agent010,agent094,agent070,agent077,agent015,agent0b2,agent029,agent078,agent08a,agent07d,agent0bf,agent0b1,agent00e,agent0aa,agent047,agent0a6,agent056,agent0b5,agent043,agent09b
agent06a,agent01f,agent0b7,agent090,agent08a,agent042,agent02b,agent04b,agent074,agent076,agent033,agent038,agent088,agent051,agent030,agent0a1,agent060,agent089,agent095,agent03e,agent032,agent096,agent039,agent0b5,agent05b,agent04e,agent008,agent09e,agent025,agent048,agent031,agent035,agent027,agent002,agent024,agent03f,agent00d,agent0c7,agent044,agent0be,agent0af,agent075,agent0ac,agent023,agent0c0,agent066,agent0c5,agent052,agent06e,agent055,agent06c
agent06b,agent00b,agent078,agent065,agent0a8,agent083,agent023,agent0ab,agent067,agent03f,agent004,agent03a,agent07c,agent020,agent00a,agent050,agent008,agent088,agent0a0,agent0c5,agent082,agent0c3,agent099,agent04e,agent08c,agent042,agent077,agent07a,agent0ae,agent033,agent000,agent0b6,agent030,agent01e,agent021,agent02a,agent03e,agent001,agent055,agent035,agent02f,agent059,agent06a,agent0a4,agent0aa,agent0c7,agent058,agent09e,agent07d,agent036,agent019
agent06c,agent0b6,agent092,agent0b1,agent026,agent0a0,agent055,agent071,agent016,agent091,agent06e,agent070,agent036,agent03f,agent061,agent0bc,agent047,agent09f,agent040,agent066,agent097,agent013,agent08c,agent077,agent025,agent034,agent049,agent046,agent0a9,agent05c,agent064,agent008,agent018,agent019,agent03a,agent00e,agent0a1,agent095,agent029,agent0b5,agent05a,agent0c6,agent02f,agent093,agent04c,agent007,agent043,agent090,agent07f,agent053,agent09e
agent06d,agent0b3,agent0bd,agent08e,agent091,agent04f,agent026,agent07a,agent027,agent077,agent040,agent001,agent01d,agent034,agent005,agent08a,agent065,agent006,agent039,agent0a5,agent068,agent00d,agent081,agent02b,agent019,agent020,agent0b4,agent021,agent099,agent0c5,agent0ae,agent045,agent07e,agent01e,agent0a7,agent0b8,agent086,agent097,agent058,agent0b1,agent0a9,agent06c,agent04c,agent06f,agent080,agent042,agent03d,agent078,agent082,agent07c,agent06a
agent06e,agent08e,agent027,agent07c,agent067,agent01e,agent068,agent026,agent076,agent03e,agent035,agent004,agent05e,agent04b,agent08b,agent04d,agent045,agent07d,agent029,agent08c,agent0b3,agent091,agent04a,agent0a7,agent099,agent060,agent080,agent00e,agent001,agent0b8,agent087,agent09d,agent047,agent0a6,agent015,agent06d,agent02f,agent084,agent086,agent024,agent056,agent05c,agent06c,agent058,agent09f,agent072,agent092,agent085,agent078,agent0c5,agent0c6
agent06f,agent01e,agent010,agent009,agent02d,agent088,agent015,agent086,agent0c4,agent0c0,agent08f,agent068,agent0a1,agent075,agent01d,agent0c5,agent076,agent048,agent095,agent0ae,agent0a6,agent05a,agent03d,agent049,agent014,agent00b,agent032,agent041,agent029,agent055,agent09b,agent002,agent046,agent04a,agent069,agent00d,agent01a,agent03a,agent04d,agent027,agent017,agent0b6,agent059,agent00a,agent097,agent05f,agent030,agent021,agent07e,agent08b,agent07a
agent070,agent0be,agent043,agent0bd,agent0a5,agent002,agent019,agent032,agent047,agent076,agent069,agent066,agent036,agent034,agent07a,agent0bf,agent088,agent099,agent09b,agent028,agent075,agent07c,agent04c,agent03a,agent092,agent013,agent0a6,agent07d,agent0a1,agent05c,agent084,agent0b6,agent08d,agent04d,agent01f,agent044,agent0ae,agent049,agent010,agent05a,agent0c2,agent00e,agent03b,agent0a4,agent061,agent09a,agent085,agent063,agent080,agent060,agent027
agent071,agent005,agent05d,agent092,agent0aa,agent095,agent0ac,agent039,agent06d,agent09b,agent0bd,agent0c5,agent028,agent01c,agent089,agent018,agent02e,agent0c1,agent00e,agent093,agent009,agent032,agent053,agent09c,agent07b,agent0ad,agent01b,agent076,agent0bc,agent033,agent0ab,agent016,agent0a0,agent06e,agent037,agent01d,agent074,agent067,agent086,agent03e,agent064,agent048,agent04d,agent008,agent019,agent040,agent004,agent007,agent078,agent075,agent047
agent072,agent07c,agent08d,agent059,agent079,agent099,agent050,agent0ab,agent067,agent0c2,agent001,agent0bb,agent08a,agent04f,agent017,agent049,agent05b,agent018,agent0b5,agent06c,agent041,agent0b8,agent0a6,agent00c,agent040,agent097,agent01a,agent031,agent098,agent046,agent0b7,agent051,agent0a3,agent04a,agent058,agent0ae,agent052,agent00e,agent09f,agent078,agent045,agent01e,agent08c,agent081,agent047,agent0af,agent09b,agent0c6,agent00d,agent03c,agent080
agent073,agent068,agent060,agent08c,agent016,agent0b4,agent087,agent0c3,agent055,agent0b9,agent083,agent0b6,agent022,agent07c,agent0a4,agent075,agent03d,agent043,agent0ba,agent019,agent03a,agent014,agent0b0,agent01c,agent09d,agent06c,agent09e,agent0b1,agent028,agent046,agent086,agent02d,agent082,agent0ad,agent078,agent0a5,agent081,agent00f,agent062,agent04f,agent09f,agent0b8,agent052,agent033,agent010,agent024,agent07f,agent00c,agent05e,agent056,agent027
agent074,agent063,agent036,agent0ba,agent010,agent016,agent088,agent0aa,agent0a5,agent01b,agent0c6,agent0bf,agent0c0,agent082,agent0b7,agent08c,agent065,agent08d,agent09e,agent0c5,agent0b8,agent08a,agent07f,agent099,agent08e,agent098,agent054,agent0ac,agent032,agent017,agent05b,agent006,agent069,agent055,agent0a4,agent048,agent09c,agent068,agent0b6,agent019,agent0a3,agent035,agent072,agent0be,agent0b9,agent067,agent060,agent043,agent028,agent078,agent076
agent075,agent051,agent089,agent002,agent02e,agent06b,agent08a,agent02c,agent061,agent0af,agent03d,agent03e,agent096,agent027,agent06c,agent008,agent00e,agent038,agent091,agent09c,agent02b,agent026,agent076,agent040,agent013,agent00d,agent0b7,agent0b8,agent0c2,agent07e,agent0a5,agent0c3,agent045,agent019,agent0a9,agent073,agent00f,agent05a,agent01b,agent020,agent052,agent007,agent094,agent095,agent072,agent021,agent093,agent055,agent09b,agent081,agent037
agent076,agent0bc,agent0c1,agent0a0,agent028,agent0a6,agent0bb,agent014,agent024,agent048,agent067,agent033,agent002,agent059,agent091,agent0b5,agent073,agent08a,agent0c3,agent070,agent049,agent046,agent047,agent006,agent053,agent0aa,agent00a,agent044,agent000,agent0b8,agent093,agent06c,agent0a3,agent00f,agent09b,agent052,agent07a,agent021,agent007,agent0a8,agent063,agent08e,agent01e,agent02a,agent0b6,agent03c,agent027,agent005,agent069,agent07f,agent08b
agent077,agent0bf,agent04c,agent066,agent01d,agent0a2,agent05d,agent02f,agent003,agent05c,agent01f,agent002,agent04d,agent08c,agent08d,agent06a,agent074,agent051,agent020,agent0c6,agent006,agent086,agent07c,agent0ab,agent090,agent056,agent0b9,agent091,agent0be,agent082,agent08a,agent02a,agent09a,agent02b,agent02e,agent063,agent024,agent0ad,agent0c2,agent017,agent0b1,agent0b7,agent067,agent032,agent027,agent0c0,agent03a,agent0c7,agent023,agent0b4,agent0a3
agent078,agent0b0,agent074,agent0b6,agent07a,agent09d,agent02c,agent069,agent09a,agent087,agent05e,agent007,agent08f,agent083,agent0b4,agent044,agent05b,agent00a,agent01e,agent049,agent098,agent067,agent00e,agent086,agent025,agent01d,agent0b2,agent032,agent008,agent000,agent043,agent00b,agent017,agent09c,agent0c1,agent065,agent02b,agent09b,agent0ae,agent06b,agent095,agent052,agent03f,agent006,agent05f,agent0c2,agent06a,agent0a3,agent08c,agent040,agent0c5
agent079,agent072,agent004,agent080,agent012,agent043,agent015,agent037,agent047,agent05f,agent0ac,agent0b2,agent07b,agent01d,agent058,agent0ad,agent088,agent076,agent08f,agent062,agent051,agent055,agent01a,agent06a,agent0a2,agent089,agent065,agent063,agent024,agent086,agent0ba,agent0c7,agent07f,agent09f,agent003,agent0b8,agent0bf,agent007,agent090,agent03a,agent0c4,agent042,agent016,agent0a3,agent071,agent0b3,agent03c,agent0bb,agent02c,agent0ab,agent06c
agent07a,agent035,agent03b,agent02f,agent05d,agent00c,agent0c4,agent005,agent0a2,agent06f,agent073,agent0a5,agent027,agent05e,agent001,agent003,agent0ad,agent064,agent0bb,agent03f,agent021,agent0a4,agent008,agent076,agent0a1,agent05b,agent09a,agent02c,agent02b,agent0bc,agent014,agent077,agent04e,agent032,agent091,agent04c,agent079,agent012,agent04a,agent01f,agent06e,agent02e,agent080,agent0c2,agent0c7,agent0a9,agent067,agent09d,agent08f,agent019,agent023
agent07b,agent081,agent0c4,agent01d,agent014,agent09e,agent010,agent079,agent066,agent082,agent051,agent0ba,agent0ac,agent009,agent00a,agent0c5,agent07e,agent090,agent036,agent01e,agent08a,agent071,agent078,agent023,agent097,agent055,agent006,agent091,agent04f,agent018,agent089,agent072,agent087,agent07f,agent0ab,agent0bb,agent09d,agent0b8,agent030,agent0b5,agent05d,agent015,agent0c7,agent057,agent0c3,agent062,agent0c1,agent02b,agent067,agent031,agent04a
agent07c,agent0bf,agent050,agent08a,agent000,agent05e,agent09f,agent0ad,agent010,agent0c2,agent01f,agent09b,agent0b5,agent005,agent061,agent00b,agent073,agent018,agent055,agent0c6,agent06a,agent0be,agent05c,agent001,agent07a,agent002,agent04b,agent00d,agent034,agent06b,agent044,agent099,agent02b,agent00e,agent03f,agent0a0,agent031,agent021,agent092,agent064,agent08e,agent05d,agent097,agent0c4,agent0b8,agent070,agent080,agent0bb,agent090,agent06d,agent065
agent07d,agent040,agent02e,agent053,agent000,agent09f,agent09a,agent042,agent04b,agent078,agent010,agent079,agent06a,agent08e,agent0bc,agent049,agent03a,agent08c,agent00b,agent0c1,agent091,agent06f,agent03b,agent0b2,agent06c,agent04f,agent05f,agent045,agent019,agent059,agent072,agent020,agent03f,agent055,agent046,agent0bf,agent0be,agent054,agent083,agent0a2,agent00f,agent07c,agent015,agent044,agent082,agent04c,agent076,agent07f,agent0b4,agent0ab,agent00a
agent07e,agent0c5,agent01d,agent060,agent09a,agent076,agent01e,agent062,agent021,agent04a,agent07d,agent069,agent0b1,agent03b,agent080,agent0bc,agent087,agent08f,agent006,agent0a4,agent043,agent05b,agent046,agent038,agent01b,agent08a,agent07a,agent07f,agent017,agent039,agent047,agent016,agent01a,agent0c6,agent083,agent066,agent009,agent06b,agent037,agent06e,agent003,agent030,agent099,agent078,agent0b9,agent02a,agent092,agent031,agent09e,agent0a7,agent058
agent07f,agent011,agent027,agent03b,agent075,agent09d,agent0b8,agent054,agent005,agent0c2,agent018,agent033,agent01d,agent08f,agent034,agent055,agent040,agent04b,agent0a4,agent026,agent097,agent024,agent022,agent095,agent0ad,agent029,agent068,agent015,agent043,agent00d,agent023,agent041,agent0bb,agent09e,agent0a0,agent00a,agent014,agent04d,agent08c,agent04e,agent092,agent002,agent084,agent045,agent047,agent013,agent056,agent073,agent0af,agent008,agent0bf
agent080,agent05a,agent060,agent022,agent0c1,agent002,agent056,agent025,agent04f,agent04a,agent095,agent05b,agent0c2,agent05c,agent042,agent057,agent0a0,agent02b,agent03e,agent09c,agent070,agent046,agent06f,agent0bc,agent01b,agent0a4,agent081,agent077,agent08c,agent07d,agent06d,agent08b,agent049,agent00a,agent068,agent045,agent099,agent010,agent05e,agent053,agent04c,agent0b5,agent090,agent0b3,agent027,agent066,agent0a8,agent07b,agent018,agent051,agent07a
agent081,agent021,agent05d,agent048,agent055,agent0b6,agent006,agent099,agent027,agent005,agent07e,agent0b9,agent052,agent097,agent032,agent085,agent004,agent040,agent0a1,agent0c4,agent016,agent04a,agent078,agent09c,agent05c,agent08f,agent0b8,agent079,agent001,agent03a,agent08b,agent068,agent089,agent07b,agent0bd,agent0b2,agent039,agent00b,agent02f,agent04e,agent059,agent038,agent070,agent057,agent044,agent077,agent01f,agent06c,agent0b7,agent037,agent0ba
agent082,agent06e,agent037,agent062,agent09b,agent039,agent042,agent081,agent058,agent097,agent07c,agent05f,agent075,agent00c,agent0b9,agent0bf,agent08e,agent015,agent056,agent005,agent007,agent03a,agent000,agent012,agent036,agent0a4,agent035,agent08d,agent090,agent0be,agent0a9,agent04d,agent0bb,agent07a,agent091,agent060,agent063,agent065,agent085,agent04c,agent02c,agent04e,agent0b7,agent072,agent0aa,agent0a6,agent05c,agent05a,agent04a,agent0c7,agent0c6
agent083,agent029,agent01f,agent01d,agent082,agent057,agent015,agent0c2,agent073,agent07a,agent096,agent04b,agent01a,agent080,agent034,agent0c5,agent070,agent094,agent0b9,agent07d,agent02d,agent01c,agent076,agent062,agent059,agent089,agent078,agent092,agent008,agent022,agent02c,agent05c,agent045,agent0c7,agent093,agent09b,agent025,agent007,agent01b,agent0a6,agent03f,agent055,agent020,agent086,agent071,agent09e,agent02a,agent006,agent081,agent0ad,agent002
agent084,agent00b,agent04a,agent059,agent07a,agent024,agent02b,agent069,agent0b2,agent0ad,agent09e,agent022,agent0c4,agent030,agent008,agent05d,agent078,agent064,agent06a,agent07c,agent038,agent063,agent06f,agent053,agent06e,agent009,agent07e,agent02a,agent082,agent028,agent0b1,agent080,agent001,agent036,agent08b,agent072,agent085,agent013,agent032,agent006,agent04b,agent025,agent04c,agent02e,agent0bc,agent08e,agent046,agent08a,agent037,agent08d,agent04e
agent085,agent007,agent069,agent0b4,agent044,agent077,agent028,agent072,agent014,agent066,agent053,agent09e,agent02c,agent055,agent0be,agent0a6,agent07d,agent057,agent015,agent0a9,agent001,agent024,agent09f,agent08d,agent062,agent071,agent035,agent025,agent046,agent0c1,agent01a,agent049,agent000,agent04b,agent059,agent026,agent033,agent042,agent05f,agent079,agent03a,agent09b,agent05c,agent080,agent08b,agent08e,agent07a,agent05d,agent012,agent087,agent04a
agent086,agent038,agent04d,agent047,agent0bc,agent08e,agent04a,agent00b,agent0b9,agent02e,agent04f,agent0af,agent092,agent012,agent007,agent05a,agent027,agent050,agent03c,agent0be,agent044,agent004,agent02a,agent00d,agent088,agent029,agent098,agent070,agent003,agent07d,agent026,agent0b3,agent01f,agent020,agent083,agent09a,agent094,agent02f,agent055,agent095,agent053,agent034,agent032,agent0b4,agent068,agent08d,agent0ad,agent036,agent01c,agent0a9,agent0aa
agent087,agent09f,agent015,agent010,agent08a,agent05b,agent030,agent01d,agent099,agent0c0,agent063,agent0ba,agent061,agent08f,agent001,agent033,agent08c,agent03d,agent090,agent0b8,agent05d,agent003,agent031,agent0c1,agent007,agent04b,agent0be,agent029,agent06d,agent053,agent092,agent056,agent093,agent064,agent05e,agent044,agent0a1,agent00b,agent0af,agent016,agent077,agent08e,agent055,agent023,agent073,agent0a4,agent00f,agent0b9,agent089,agent0c4,agent00c
agent088,agent077,agent003,agent09d,agent07a,agent053,agent047,agent037,agent00f,agent01e,agent06f,agent058,agent00b,agent007,agent039,agent019,agent00c,agent01a,agent0a4,agent0b2,agent040,agent0b4,agent0ab,agent015,agent03e,agent001,agent091,agent00a,agent022,agent0a3,agent048,agent005,agent002,agent08d,agent042,agent055,agent02f,agent08f,agent010,agent080,agent0be,agent078,agent07f,agent0bc,agent00e,agent092,agent08c,agent0aa,agent01b,agent05b,agent06d
agent089,agent044,agent072,agent08c,agent09b,agent073,agent011,agent01b,agent07f,agent021,agent0c4,agent017,agent052,agent0ab,agent050,agent04d,agent0bb,agent02a,agent0c2,agent09a,agent048,agent001,agent0a5,agent040,agent0b3,agent016,agent03f,agent014,agent029,agent06a,agent076,agent054,agent06d,agent02b,agent02c,agent00f,agent06c,agent07c,agent02f,agent08e,agent084,agent0b5,agent0bf,agent035,agent07b,agent06b,agent093,agent06e,agent0c0,agent0b2,agent096
agent08a,agent08e,agent0a8,agent04f,agent0be,agent090,agent07d,agent09c,agent011,agent025,agent0a2,agent047,agent001,agent000,agent0ae,agent019,agent01c,agent0c7,agent084,agent058,agent05b,agent081,agent03a,agent0b9,agent07c,agent02a,agent0a5,agent060,agent070,agent0a9,agent0b5,agent068,agent055,agent0b1,agent01f,agent0a7,agent009,agent07b,agent02f,agent057,agent012,agent05a,agent079,agent020,agent049,agent0af,agent028,agent083,agent00f,agent003,agent015
agent08b,agent022,agent04f,agent00f,agent006,agent0b7,agent015,agent09f,agent049,agent019,agent0b3,agent075,agent043,agent040,agent00e,agent06d,agent014,agent087,agent093,agent04b,agent0b9,agent0bd,agent025,agent047,agent05d,agent037,agent007,agent0c7,agent0a1,agent054,agent041,agent03b,agent0a5,agent060,agent02e,agent08e,agent01e,agent0ba,agent010,agent04d,agent029,agent005,agent06e,agent079,agent035,agent059,agent04e,agent0a9,agent004,agent02d,agent003
agent08c,agent053,agent0c5,agent0a8,agent043,agent0bc,agent0a0,agent030,agent04c,agent076,agent02a,agent049,agent004,agent011,agent01e,agent05c,agent0b4,agent036,agent032,agent002,agent01a,agent027,agent029,agent02d,agent09f,agent085,agent07a,agent098,agent09d,agent096,agent069,agent097,agent0b3,agent089,agent0bb,agent088,agent003,agent09c,agent091,agent044,agent02b,agent06f,agent06d,agent074,agent06b,agent04e,agent0af,agent070,agent0b7,agent04d,agent03a
agent08d,agent073,agent064,agent060,agent090,agent07a,agent037,agent082,agent054,agent042,agent03a,agent06e,agent0b7,agent0af,agent05b,agent048,agent0aa,agent006,agent06c,agent011,agent0c6,agent088,agent024,agent049,agent096,agent0ae,agent026,agent084,agent045,agent025,agent02e,agent022,agent099,agent03c,agent0b2,agent034,agent093,agent02f,agent028,agent0a2,agent0c3,agent07b,agent0a9,agent03e,agent04f,agent00a,agent070,agent0c5,agent01c,agent05f,agent013
agent08e,agent04f,agent0c7,agent048,agent051,agent090,agent0af,agent039,agent032,agent0a6,agent094,agent0a2,agent033,agent05c,agent021,agent088,agent09a,agent02b,agent04b,agent00e,agent0ae,agent073,agent004,agent058,agent0a3,agent015,agent013,agent02d,agent03f,agent07a,agent01e,agent041,agent030,agent0c6,agent002,agent097,agent02e,agent052,agent0b3,agent071,agent0b7,agent044,agent09c,agent035,agent0b9,agent0b1,agent060,agent06c,agent0c4,agent079,agent055
agent08f,agent060,agent0b0,agent048,agent059,agent08a,agent020,agent03f,agent07a,agent028,agent09c,agent0b7,agent055,agent0af,agent038,agent096,agent01c,agent03a,agent0a6,agent016,agent0a8,agent033,agent021,agent0a7,agent077,agent00f,agent0a1,agent06a,agent0b8,agent0aa,agent041,agent0a3,agent07e,agent004,agent018,agent05a,agent044,agent07d,agent0bd,agent01a,agent0bf,agent0b1,agent065,agent052,agent07c,agent047,agent019,agent02a,agent07f,agent05c,agent0c0
agent090,agent0a7,agent01e,agent092,agent099,agent0a1,agent043,agent04c,agent006,agent053,agent0c4,agent024,agent06f,agent087,agent06e,agent049,agent073,agent03c,agent04f,agent068,agent062,agent0a4,agent072,agent05c,agent040,agent051,agent0b2,agent061,agent0c1,agent075,agent037,agent08f,agent0c5,agent098,agent011,agent089,agent060,agent07e,agent031,agent0b7,agent063,agent05f,agent016,agent009,agent09a,agent0ad,agent08c,agent004,agent0c3,agent085,agent003
agent091,agent076,agent04e,agent028,agent063,agent018,agent016,agent058,agent0b9,agent0a1,agent07d,agent06b,agent0ab,agent09e,agent08f,agent008,agent015,agent075,agent00b,agent005,agent053,agent08c,agent0a7,agent0aa,agent0c4,agent024,agent09c,agent073,agent04a,agent02b,agent0b4,agent064,agent098,agent069,agent070,agent081,agent040,agent02c,agent051,agent05f,agent021,agent099,agent084,agent033,agent00e,agent092,agent09f,agent060,agent03e,agent087,agent010
agent092,agent0a3,agent013,agent03b,agent032,agent018,agent068,agent01e,agent096,agent098,agent060,agent026,agent037,agent0ad,agent023,agent09c,agent07f,agent070,agent066,agent0c1,agent082,agent014,agent035,agent0bb,agent0ba,agent0a1,agent07b,agent0ab,agent04f,agent0a0,agent041,agent093,agent033,agent004,agent043,agent01b,agent02c,agent079,agent0c0,agent007,agent00d,agent0c2,agent059,agent071,agent07a,agent001,agent088,agent010,agent094,agent03c,agent0c6
agent093,agent02c,agent069,agent07a,agent09f,agent09e,agent063,agent081,agent09b,agent0c5,agent0c4,agent014,agent028,agent04b,agent0a3,agent03e,agent0a4,agent066,agent060,agent02f,agent0a5,agent076,agent018,agent0b1,agent07d,agent0ae,agent006,agent078,agent0a9,agent07e,agent029,agent06e,agent053,agent0bb,agent044,agent0ba,agent049,agent09a,agent00d,agent01b,agent0a1,agent05d,agent084,agent043,agent019,agent00a,agent01c,agent01e,agent005,agent065,agent087
agent094,agent0c3,agent041,agent014,agent0b9,agent0ba,agent026,agent00a,agent05f,agent0c2,agent0c7,agent0bd,agent002,agent096,agent017,agent019,agent0a0,agent02e,agent0b6,agent0b3,agent0af,agent001,agent08d,agent02f,agent0ae,agent083,agent07e,agent09c,agent05b,agent021,agent069,agent07b,agent086,agent005,agent04f,agent01a,agent039,agent0a2,agent05e,agent00e,agent098,agent044,agent063,agent0a1,agent071,agent065,agent09f,agent05d,agent06f,agent0b8,agent068
agent095,agent049,agent043,agent0a7,agent016,agent001,agent0bc,agent091,agent00d,agent035,agent068,agent05e,agent00a,agent060,agent071,agent059,agent0ae,agent015,agent0a5,agent0bd,agent017,agent050,agent040,agent008,agent00f,agent0a3,agent086,agent02f,agent012,agent03d,agent08b,agent0b1,agent072,agent021,agent032,agent030,agent06b,agent05b,agent08f,agent0bb,agent08d,agent047,agent041,agent026,agent002,agent05c,agent01a,agent024,agent0b9,agent0c4,agent00e
agent096,agent066,agent062,agent05a,agent035,agent059,agent0c3,agent042,agent054,agent093,agent0b6,agent05c,agent068,agent061,agent0b7,agent000,agent0c2,agent06e,agent04f,agent03c,agent011,agent03a,agent081,agent0a3,agent0c5,agent055,agent05f,agent075,agent092,agent0a8,agent085,agent018,agent01f,agent019,agent0ba,agent022,agent03f,agent028,agent09e,agent009,agent044,agent084,agent039,agent063,agent002,agent013,agent07e,agent08a,agent0ad,agent00d,agent037
agent097,agent018,agent061,agent020,agent043,agent0af,agent07a,agent098,agent010,agent04d,agent06e,agent0b2,agent01d,agent07d,agent0c2,agent008,agent058,agent035,agent0c0,agent053,agent024,agent03f,agent05e,agent0a8,agent02d,agent056,agent01a,agent02b,agent068,agent063,agent09e,agent096,agent089,agent083,agent027,agent073,agent04e,agent054,agent007,agent029,agent002,agent034,agent064,agent075,agent006,agent06b,agent0a5,agent07b,agent0b5,agent04a,agent0c1
agent098,agent0b0,agent06e,agent07c,agent015,agent0ab,agent010,agent063,agent079,agent032,agent086,agent07e,agent02e,agent096,agent034,agent0a0,agent08c,agent097,agent076,agent03f,agent05c,agent06f,agent042,agent095,agent09f,agent08e,agent066,agent0af,agent0bd,agent021,agent09b,agent072,agent049,agent062,agent0b7,agent082,agent089,agent093,agent044,agent057,agent038,agent029,agent02a,agent013,agent073,agent087,agent0aa,agent075,agent092,agent0b9,agent071
agent099,agent019,agent015,agent084,agent0bd,agent067,agent07d,agent064,agent00e,agent05e,agent07b,agent02b,agent042,agent086,agent000,agent0a5,agent0b2,agent08a,agent0a0,agent03d,agent033,agent024,agent0b7,agent049,agent021,agent081,agent0a7,agent0c3,agent036,agent00b,agent004,agent050,agent052,agent073,agent09d,agent022,agent078,agent04e,agent093,agent057,agent0a1,agent096,agent083,agent05b,agent0c1,agent0b9,agent05a,agent040,agent034,agent07f,agent065
agent09a,agent03c,agent0c1,agent033,agent081,agent001,agent02a,agent096,agent03a,agent059,agent014,agent05d,agent051,agent035,agent0a6,agent054,agent042,agent01f,agent0ad,agent098,agent065,agent0a1,agent099,agent0bc,agent057,agent0b2,agent08e,agent0a5,agent005,agent041,agent0ab,agent0b9,agent07e,agent076,agent04c,agent0b5,agent006,agent048,agent02e,agent055,agent0be,agent045,agent030,agent082,agent03d,agent01d,agent0b6,agent08c,agent020,agent085,agent015
agent09b,agent0b9,agent0ad,agent0c6,agent07d,agent012,agent0ab,agent019,agent090,agent010,agent009,agent064,agent034,agent05d,agent018,agent073,agent047,agent065,agent09e,agent0b6,agent078,agent05e,agent05a,agent04d,agent02f,agent0aa,agent0ac,agent06f,agent077,agent02d,agent07a,agent075,agent04c,agent063,agent082,agent04a,agent03e,agent040,agent01d,agent08c,agent006,agent091,agent0a5,agent00d,agent0b3,agent0a7,agent039,agent0a1,agent0be,agent095,agent025
agent09c,agent017,agent00f,agent034,agent04e,agent009,agent089,agent06b,agent044,agent03a,agent016,agent0a3,agent06d,agent0bf,agent01c,agent01d,agent0b2,agent05c,agent087,agent0aa,agent06f,agent04c,agent032,agent02c,agent070,agent0c1,agent02f,agent0a8,agent071,agent0ba,agent051,agent02e,agent0a2,agent07b,agent072,agent094,agent04d,agent065,agent085,agent0a4,agent077,agent030,agent007,agent098,agent01f,agent013,agent09a,agent0b9,agent0b3,agent01a,agent022
agent09d,agent073,agent0ba,agent019,agent05e,agent078,agent03a,agent059,agent03e,agent034,agent072,agent056,agent01f,agent08b,agent044,agent018,agent07f,agent0b1,agent00a,agent058,agent097,agent065,agent0ac,agent06e,agent00e,agent089,agent01d,agent020,agent007,agent0b9,agent06f,agent0a9,agent01a,agent080,agent0c4,agent086,agent05f,agent076,agent0bd,agent0a0,agent04e,agent01c,agent0c7,agent03f,agent027,agent02d,agent002,agent077,agent00b,agent093,agent067
agent09e,agent09a,agent04f,agent00d,agent0b7,agent0c6,agent029,agent04b,agent09b,agent097,agent037,agent02d,agent063,agent0a1,agent04c,agent0be,agent07f,agent058,agent03d,agent038,agent088,agent027,agent09f,agent06e,agent024,agent00f,agent082,agent04d,agent091,agent01a,agent049,agent01d,agent030,agent01e,agent08a,agent0b3,agent011,agent023,agent0c5,agent0a8,agent0bb,agent002,agent0a0,agent0b5,agent051,agent042,agent083,agent08d,agent08e,agent000,agent017
agent09f,agent026,agent076,agent029,agent075,agent01d,agent0af,agent0a8,agent0b7,agent047,agent0c1,agent006,agent010,agent042,agent09e,agent05b,agent0a5,agent036,agent07c,agent070,agent063,agent021,agent04a,agent035,agent03d,agent09b,agent083,agent0b8,agent0bd,agent0a9,agent0be,agent0b6,agent098,agent00c,agent0c3,agent060,agent019,agent07a,agent011,agent048,agent05d,agent040,agent080,agent097,agent059,agent04f,agent015,agent003,agent0c6,agent023,agent053
agent0a0,agent056,agent0c2,agent08a,agent01e,agent08e,agent050,agent0aa,agent070,agent0be,agent031,agent0c0,agent015,agent078,agent046,agent09c,agent045,agent086,agent087,agent085,agent035,agent09a,agent09d,agent013,agent017,agent01d,agent0b8,agent048,agent03a,agent090,agent0a9,agent007,agent049,agent02b,agent0bf,agent0c7,agent0ab,agent075,agent0b3,agent0c3,agent071,agent05a,agent02c,agent08c,agent0a5,agent036,agent067,agent020,agent012,agent0ae,agent053
agent0a1,agent096,agent064,agent051,agent0c4,agent0bb,agent0ab,agent085,agent024,agent06a,agent062,agent0c1,agent0c0,agent05e,agent009,agent087,agent066,agent095,agent04a,agent0c7,agent017,agent073,agent029,agent071,agent06d,agent08d,agent09b,agent010,agent00d,agent05f,agent0a3,agent09a,agent008,agent030,agent040,agent048,agent0ac,agent014,agent027,agent0ad,agent058,agent006,agent090,agent091,agent047,agent08c,agent084,agent08b,agent074,agent00e,agent09e
agent0a2,agent0b8,agent072,agent07f,agent0ab,agent039,agent0b1,agent0a6,agent085,agent044,agent051,agent05b,agent05a,agent077,agent0aa,agent032,agent0ad,agent03b,agent036,agent0bb,agent0a9,agent00f,agent043,agent04c,agent0a5,agent0c2,agent05d,agent0ba,agent09b,agent00e,agent06f,agent015,agent081,agent0a8,agent091,agent02e,agent001,agent099,agent0c6,agent050,agent029,agent079,agent025,agent00d,agent08c,agent040,agent06d,agent0a1,agent07e,agent071,agent03e
agent0a3,agent032,agent0b3,agent033,agent069,agent030,agent07f,agent09d,agent01f,agent05c,agent04f,agent077,agent076,agent038,agent04b,agent09b,agent0bd,agent06e,agent070,agent090,agent025,agent06c,agent094,agent046,agent0ad,agent088,agent043,agent09e,agent03b,agent028,agent09f,agent02a,agent081,agent0b0,agent0af,agent05f,agent075,agent01d,agent034,agent0b2,agent09a,agent0a0,agent008,agent082,agent0ab,agent042,agent079,agent0bf,agent07a,agent005,agent049
agent0a4,agent085,agent053,agent05b,agent07b,agent0c1,agent026,agent080,agent0a2,agent0b3,agent027,agent025,agent069,agent02b,agent042,agent0b9,agent099,agent065,agent04a,agent023,agent067,agent0ab,agent06a,agent07a,agent006,agent08a,agent030,agent049,agent01a,agent04e,agent009,agent0c0,agent04f,agent004,agent04d,agent071,agent08b,agent0a0,agent095,agent016,agent007,agent040,agent0c6,agent041,agent036,agent024,agent01b,agent075,agent054,agent0aa,agent05f
agent0a5,agent06c,agent064,agent099,agent007,agent09a,agent034,agent092,agent0b8,agent009,agent032,agent0a2,agent008,agent04f,agent065,agent005,agent097,agent088,agent0b2,agent0c5,agent018,agent075,agent0b0,agent06d,agent0c3,agent07d,agent071,agent04a,agent062,agent05d,agent058,agent0b5,agent045,agent011,agent053,agent050,agent03a,agent04c,agent035,agent0a4,agent07e,agent024,agent041,agent003,agent076,agent0c0,agent052,agent079,agent030,agent029,agent0ad
agent0a6,agent043,agent0a7,agent07d,agent006,agent083,agent0ad,agent076,agent0bc,agent0a5,agent0b1,agent058,agent03c,agent008,agent0b0,agent019,agent084,agent012,agent09d,agent090,agent0bf,agent046,agent047,agent080,agent057,agent05e,agent0ab,agent0bd,agent0a2,agent089,agent035,agent031,agent050,agent05d,agent05b,agent01a,agent04c,agent0ba,agent013,agent098,agent040,agent08e,agent0a9,agent03b,agent028,agent06b,agent08b,agent053,agent0a8,agent091,agent0a1
agent0a7,agent0a0,agent0c1,agent067,agent0af,agent06e,agent023,agent029,agent040,agent014,agent0b2,agent08c,agent078,agent016,agent062,agent013,agent010,agent009,agent081,agent05a,agent046,agent06a,agent059,agent0b8,agent090,agent039,agent066,agent043,agent05f,agent028,agent0a2,agent079,agent071,agent0b1,agent03b,agent033,agent0a6,agent0bf,agent091,agent07a,agent0a1,agent0c5,agent057,agent000,agent01d,agent09b,agent068,agent05d,agent0bc,agent0b5,agent089
agent0a8,agent07f,agent0b6,agent01d,agent063,agent0ae,agent04a,agent0b3,agent0c7,agent086,agent040,agent094,agent02a,agent095,agent048,agent093,agent001,agent054,agent019,agent050,agent024,agent065,agent06a,agent09a,agent038,agent06f,agent002,agent08c,agent057,agent0b2,agent0b8,agent088,agent05a,agent090,agent009,agent0a6,agent09b,agent097,agent047,agent04d,agent06b,agent01f,agent061,agent041,agent008,agent03f,agent0aa,agent09f,agent029,agent0a9,agent0b1
agent0a9,agent090,agent091,agent078,agent012,agent0c5,agent02a,agent030,agent079,agent019,agent0a5,agent0c0,agent0b6,agent028,agent038,agent013,agent0a8,agent041,agent05f,agent08a,agent057,agent032,agent04c,agent084,agent062,agent04b,agent0be,agent0c7,agent00b,agent099,agent085,agent07b,agent04a,agent029,agent003,agent06b,agent02c,agent09d,agent09e,agent0c1,agent0a2,agent01c,agent0c4,agent050,agent09a,agent081,agent0aa,agent08f,agent087,agent0bb,agent063
agent0aa,agent0bc,agent06e,agent0bb,agent0b4,agent064,agent08c,agent051,agent001,agent012,agent077,agent03c,agent0ae,agent01b,agent049,agent095,agent005,agent0ad,agent0a7,agent006,agent0a4,agent078,agent0c6,agent042,agent031,agent004,agent034,agent030,agent0bf,agent01f,agent079,agent096,agent0b5,agent070,agent07d,agent0ac,agent069,agent01d,agent010,agent07f,agent01c,agent024,agent0b1,agent000,agent06b,agent025,agent052,agent085,agent087,agent05d,agent05e
agent0ab,agent03a,agent070,agent08c,agent0b5,agent03e,agent083,agent092,agent005,agent05a,agent037,agent006,agent040,agent08a,agent018,agent064,agent09f,agent068,agent024,agent060,agent03c,agent071,agent010,agent021,agent03d,agent0b3,agent01d,agent06f,agent01f,agent06c,agent022,agent050,agent08b,agent051,agent030,agent055,agent0b0,agent0c0,agent0a4,agent04a,agent0a7,agent0bb,agent01e,agent041,agent04b,agent065,agent014,agent015,agent05b,agent0a3,agent094
agent0ac,agent014,agent033,agent019,agent042,agent09c,agent003,agent039,agent030,agent056,agent010,agent0c3,agent075,agent0aa,agent0b4,agent0b1,agent053,agent004,agent0b9,agent0ae,agent0c1,agent017,agent020,agent0a3,agent00c,agent03f,agent088,agent026,agent061,agent046,agent040,agent055,agent0a7,agent0ab,agent015,agent0c2,agent04e,agent018,agent07d,agent00a,agent0c5,agent03a,agent0a2,agent0a5,agent034,agent0c7,agent085,agent060,agent09b,agent01c,agent005
agent0ad,agent0bb,agent08a,agent009,agent0c7,agent026,agent066,agent00c,agent0b8,agent08c,agent03b,agent084,agent037,agent0ab,agent075,agent01e,agent010,agent076,agent07b,agent0b4,agent097,agent09c,agent077,agent007,agent0bc,agent034,agent0a8,agent0b1,agent0c6,agent071,agent079,agent008,agent04a,agent051,agent03f,agent006,agent092,agent002,agent027,agent0a0,agent07c,agent02d,agent061,agent083,agent059,agent044,agent00f,agent02a,agent0a4,agent018,agent06f
agent0ae,agent03f,agent0a0,agent0a7,agent00a,agent03d,agent0a4,agent0a9,agent010,agent0a1,agent050,agent067,agent0ab,agent00f,agent08f,agent043,agent037,agent096,agent0b1,agent088,agent069,agent09a,agent005,agent0c0,agent0bc,agent08c,agent006,agent041,agent058,agent029,agent08a,agent097,agent0bb,agent0c6,agent09c,agent0aa,agent025,agent01c,agent01b,agent06b,agent056,agent046,agent027,agent009,agent06e,agent023,agent0b0,agent087,agent0bf,agent032,agent057
agent0af,agent084,agent03b,agent020,agent04c,agent075,agent078,agent014,agent061,agent09a,agent034,agent04f,agent09b,agent028,agent067,agent057,agent09c,agent05a,agent082,agent042,agent099,agent0c2,agent005,agent054,agent08b,agent02e,agent068,agent069,agent0b1,agent013,agent0c6,agent00d,agent095,agent088,agent06c,agent024,agent0b0,agent025,agent0a9,agent055,agent049,agent007,agent086,agent058,agent0bb,agent027,agent080,agent08f,agent0c0,agent07f,agent04a
agent0b0,agent05b,agent087,agent059,agent0a2,agent005,agent04a,agent081,agent050,agent008,agent02d,agent0b9,agent0c0,agent091,agent093,agent0ad,agent05f,agent037,agent018,agent071,agent07a,agent069,agent094,agent0a9,agent00a,agent072,agent0ac,agent092,agent0af,agent04c,agent086,agent002,agent07e,agent095,agent0b4,agent0bc,agent063,agent074,agent012,agent079,agent03b,agent022,agent08a,agent0ba,agent06c,agent08f,agent061,agent029,agent0c3,agent02b,agent08c
agent0b1,agent0a6,agent0a4,agent03e,agent077,agent01b,agent093,agent0b9,agent0a7,agent08e,agent031,agent048,agent03b,agent02c,agent032,agent0b6,agent060,agent03a,agent098,agent096,agent084,agent04b,agent091,agent026,agent08b,agent01c,agent01f,agent05d,agent0ad,agent008,agent09a,agent0a9,agent041,agent049,agent027,agent04d,agent035,agent040,agent07f,agent063,agent0b4,agent0ae,agent0c5,agent052,agent05f,agent039,agent042,agent0af,agent0bd,agent04c,agent005
agent0b2,agent054,agent08b,agent0a6,agent027,agent00b,agent009,agent025,agent0bc,agent02e,agent091,agent0c0,agent001,agent0c5,agent098,agent005,agent015,agent02b,agent010,agent00f,agent00e,agent082,agent090,agent06c,agent03f,agent05b,agent01f,agent056,agent040,agent09b,agent035,agent014,agent00a,agent065,agent09e,agent08f,agent070,agent026,agent021,agent03d,agent039,agent0c2,agent05c,agent0a7,agent087,agent007,agent034,agent079,agent059,agent094,agent086
agent0b3,agent08f,agent01f,agent0aa,agent00d,agent019,agent01c,agent0a7,agent038,agent09c,agent089,agent011,agent068,agent030,agent091,agent043,agent00c,agent063,agent04a,agent056,agent02c,agent07e,agent053,agent080,agent01a,agent060,agent090,agent05f,agent029,agent077,agent0b0,agent035,agent021,agent06f,agent0af,agent07a,agent095,agent023,agent0b8,agent05d,agent0b5,agent08d,agent06a,agent033,agent0a2,agent015,agent061,agent027,agent0a5,agent078,agent037
agent0b4,agent0bb,agent05c,agent076,agent083,agent0ad,agent0c7,agent06d,agent01e,agent09a,agent075,agent060,agent056,agent064,agent051,agent005,agent01d,agent028,agent021,agent04e,agent045,agent035,agent08c,agent062,agent058,agent02d,agent05b,agent06b,agent085,agent020,agent0ba,agent072,agent026,agent066,agent081,agent0ac,agent095,agent038,agent040,agent014,agent05f,agent0b3,agent070,agent0c5,agent01a,agent069,agent016,agent084,agent08b,agent080,agent087
agent0b5,agent0bd,agent09e,agent044,agent000,agent063,agent024,agent096,agent0bb,agent0c3,agent007,agent097,agent07f,agent01e,agent038,agent076,agent08e,agent0a5,agent078,agent069,agent09b,agent072,agent008,agent057,agent010,agent04c,agent058,agent0b1,agent05c,agent03c,agent09f,agent034,agent041,agent01d,agent021,agent070,agent081,agent0a9,agent053,agent030,agent00d,agent025,agent0be,agent037,agent029,agent0ae,agent033,agent08c,agent0b7,agent005,agent07c
agent0b6,agent070,agent061,agent013,agent060,agent093,agent042,agent0be,agent051,agent099,agent072,agent058,agent05b,agent082,agent07c,agent083,agent0aa,agent08b,agent0c1,agent0b5,agent0c3,agent0a2,agent01c,agent056,agent047,agent00c,agent004,agent05e,agent068,agent0c5,agent03c,agent030,agent008,agent0b4,agent085,agent007,agent081,agent04d,agent097,agent078,agent089,agent048,agent0a6,agent049,agent010,agent041,agent08f,agent035,agent029,agent054,agent031
agent0b7,agent04c,agent0a1,agent03a,agent0be,agent05e,agent091,agent039,agent05a,agent05b,agent03d,agent0bc,agent09b,agent07b,agent05d,agent016,agent074,agent010,agent02f,agent095,agent0c3,agent096,agent008,agent053,agent00d,agent073,agent090,agent03f,agent003,agent066,agent041,agent0c2,agent06c,agent08b,agent02c,agent081,agent0b2,agent071,agent032,agent092,agent0b3,agent087,agent0ba,agent06d,agent067,agent01a,agent09a,agent017,agent078,agent065,agent0a2
agent0b8,agent067,agent04a,agent040,agent068,agent044,agent074,agent030,agent012,agent0c4,agent029,agent08d,agent06d,agent079,agent0b1,agent02d,agent033,agent04d,agent07e,agent0af,agent099,agent06a,agent032,agent0b7,agent0a9,agent00f,agent072,agent094,agent004,agent0c1,agent0bd,agent047,agent03b,agent00d,agent008,agent058,agent071,agent083,agent003,agent08b,agent02e,agent035,agent010,agent08c,agent09f,agent084,agent076,agent073,agent097,agent05f,agent09b
agent0b9,agent0c4,agent06f,agent070,agent040,agent014,agent03b,agent00c,agent0a1,agent049,agent02a,agent08d,agent05d,agent058,agent01f,agent000,agent0b7,agent0ab,agent042,agent0ae,agent0b4,agent084,agent015,agent05f,agent039,agent05a,agent0c5,agent00e,agent060,agent0c7,agent0bf,agent01b,agent08c,agent0c3,agent053,agent03f,agent022,agent027,agent07e,agent00f,agent088,agent099,agent094,agent0ad,agent030,agent038,agent045,agent04b,agent06d,agent016,agent052
agent0ba,agent07d,agent052,agent053,agent048,agent002,agent07f,agent084,agent021,agent065,agent03c,agent0bc,agent08a,agent01a,agent061,agent077,agent072,agent090,agent00e,agent074,agent047,agent0c6,agent00c,agent00f,agent098,agent08c,agent000,agent064,agent097,agent00d,agent03d,agent01c,agent070,agent01e,agent010,agent033,agent0bf,agent031,agent02c,agent07e,agent068,agent029,agent0a2,agent01d,agent032,agent02f,agent03f,agent051,agent076,agent054,agent0a3
agent0bb,agent088,agent081,agent03e,agent08e,agent01a,agent008,agent09e,agent00c,agent060,agent0b6,agent066,agent028,agent002,agent0b4,agent090,agent055,agent018,agent0b2,agent0b0,agent070,agent02e,agent072,agent040,agent0c5,agent059,agent05a,agent04c,agent0b8,agent08c,agent065,agent033,agent026,agent02d,agent067,agent08a,agent053,agent0ab,agent01e,agent014,agent0a8,agent0aa,agent09a,agent00a,agent03b,agent024,agent099,agent03a,agent0ac,agent06b,agent046
agent0bc,agent099,agent076,agent02a,agent060,agent05f,agent09c,agent086,agent0b2,agent075,agent0b9,agent00a,agent0b1,agent072,agent07e,agent017,agent01a,agent016,agent06d,agent049,agent079,agent065,agent090,agent0b0,agent02d,agent043,agent07d,agent0a2,agent094,agent027,agent05a,agent00f,agent05c,agent008,agent08f,agent061,agent06c,agent062,agent04d,agent048,agent023,agent084,agent0c6,agent046,agent04a,agent025,agent01c,agent091,agent0a1,agent0ab,agent0a3
agent0bd,agent088,agent067,agent09b,agent04c,agent079,agent00e,agent0b7,agent096,agent040,agent041,agent0ad,agent0a9,agent07b,agent02d,agent028,agent011,agent008,agent02f,agent0ba,agent066,agent0b3,agent009,agent044,agent00a,agent098,agent016,agent00d,agent068,agent037,agent073,agent0b1,agent01e,agent093,agent032,agent02b,agent0b9,agent075,agent049,agent056,agent04f,agent0b8,agent0c0,agent04b,agent099,agent0a6,agent09f,agent0bb,agent070,agent0a3,agent057
agent0be,agent03c,agent074,agent0bd,agent02f,agent087,agent001,agent022,agent0c4,agent0b3,agent097,agent07e,agent08a,agent09f,agent037,agent012,agent04d,agent05d,agent0b7,agent071,agent083,agent027,agent0c7,agent0bb,agent034,agent03a,agent000,agent082,agent009,agent05e,agent08e,agent099,agent02e,agent044,agent03d,agent07f,agent06e,agent06f,agent035,agent006,agent0a2,agent0c5,agent057,agent04a,agent029,agent005,agent032,agent045,agent004,agent0a8,agent04e
agent0bf,agent0a9,agent0b1,agent00b,agent050,agent030,agent02d,agent042,agent03e,agent04b,agent01c,agent052,agent025,agent0a6,agent048,agent060,agent059,agent057,agent034,agent05a,agent016,agent0a3,agent0be,agent0b3,agent0bc,agent089,agent011,agent05c,agent028,agent035,agent0c7,agent0a5,agent06d,agent014,agent049,agent026,agent01e,agent001,agent058,agent02f,agent032,agent0c6,agent077,agent071,agent0c4,agent0a7,agent062,agent051,agent0b2,agent023,agent04e
agent0c0,agent0c4,agent017,agent0c3,agent090,agent00a,agent024,agent0bf,agent02c,agent059,agent06d,agent091,agent074,agent001,agent016,agent00c,agent07d,agent09e,agent085,agent034,agent0a7,agent032,agent046,agent04b,agent078,agent04d,agent0ae,agent0b7,agent00e,agent0bc,agent062,agent058,agent0c6,agent026,agent0b0,agent0a8,agent010,agent02d,agent0b6,agent01e,agent0b8,agent039,agent00b,agent07f,agent033,agent05c,agent08c,agent050,agent05b,agent027,agent045
agent0c1,agent069,agent016,agent0b9,agent0b1,agent052,agent0ad,agent04d,agent03a,agent08d,agent0a6,agent09a,agent037,agent0c3,agent061,agent051,agent09d,agent01f,agent006,agent01a,agent026,agent0c5,agent092,agent067,agent0a3,agent06c,agent01b,agent071,agent007,agent095,agent06b,agent015,agent004,agent055,agent00d,agent066,agent031,agent038,agent09f,agent022,agent03e,agent019,agent097,agent01d,agent050,agent02a,agent0a2,agent07a,agent029,agent009,agent05b
agent0c2,agent0ab,agent022,agent030,agent09f,agent08a,agent05c,agent014,agent03d,agent040,agent075,agent00e,agent084,agent018,agent086,agent04b,agent038,agent060,agent070,agent01f,agent007,agent024,agent02d,agent045,agent0b3,agent078,agent011,agent090,agent088,agent07c,agent057,agent017,agent097,agent063,agent0ae,agent04f,agent0aa,agent07e,agent033,agent08f,agent07d,agent065,agent003,agent043,agent048,agent0af,agent015,agent0ad,agent094,agent058,agent05e
agent0c3,agent0a3,agent052,agent0c7,agent00f,agent02a,agent09c,agent0a9,agent03b,agent02f,agent033,agent04f,agent036,agent0ad,agent0a2,agent006,agent077,agent06e,agent063,agent0c0,agent097,agent096,agent049,agent06f,agent0ab,agent087,agent054,agent01a,agent02d,agent0a8,agent0a0,agent0c4,agent09d,agent0ae,agent051,agent072,agent001,agent004,agent0a4,agent05e,agent0c5,agent03c,agent0aa,agent094,agent013,agent0bd,agent095,agent038,agent0a7,agent04b,agent065
agent0c4,agent033,agent02a,agent010,agent05a,agent0a9,agent08d,agent0b6,agent016,agent021,agent068,agent0b0,agent044,agent09f,agent032,agent004,agent052,agent086,agent087,agent0c1,agent06b,agent043,agent0ad,agent085,agent03b,agent03c,agent03e,agent041,agent022,agent092,agent023,agent09e,agent048,agent0ba,agent046,agent020,agent025,agent035,agent034,agent01a,agent0b2,agent0a1,agent01b,agent055,agent058,agent07b,agent098,agent06e,agent062,agent097,agent0b1
agent0c5,agent098,agent051,agent025,agent030,agent064,agent086,agent0a6,agent0b3,agent02c,agent084,agent08c,agent008,agent088,agent01f,agent039,agent0c7,agent050,agent048,agent090,agent03d,agent060,agent034,agent09a,agent09f,agent02d,agent06f,agent026,agent067,agent03b,agent09d,agent0a7,agent032,agent080,agent00e,agent004,agent0bc,agent0c2,agent022,agent014,agent029,agent028,agent0b1,agent005,agent0af,agent0b8,agent0c6,agent094,agent0a8,agent099,agent0a3
agent0c6,agent04b,agent0c4,agent0b3,agent09b,agent065,agent079,agent05d,agent0ba,agent068,agent08c,agent067,agent01c,agent023,agent05a,agent00f,agent041,agent08d,agent055,agent054,agent0af,agent0a8,agent032,agent057,agent007,agent0a1,agent01e,agent038,agent05c,agent061,agent05b,agent047,agent04e,agent012,agent066,agent0ad,agent070,agent0c7,agent053,agent019,agent0b9,agent0c0,agent074,agent035,agent0a4,agent03f,agent028,agent02a,agent04f,agent09a,agent01f
agent0c7,agent00d,agent063,agent058,agent01e,agent092,agent040,agent049,agent05e,agent051,agent02b,agent025,agent013,agent0b6,agent0b5,agent075,agent08c,agent0bf,agent099,agent02c,agent06d,agent043,agent020,agent055,agent046,agent0be,agent050,agent07b,agent0a9,agent079,agent086,agent005,agent001,agent0ab,agent05d,agent0ae,agent0a3,agent02e,agent03d,agent021,agent018,agent093,agent073,agent006,agent056,agent0b0,agent08e,agent033,agent083,agent029,agent028
